F27-600,127943,392,1890,2000,44,pax,f27.png,Fokker,14.72,0.2,33266,350,2,2,1,3,RR Dart 7 Mk.536-7R,14.72,392
F27-200,135138,451,1926,2000,40,pax,f27.png,Fokker,16.0,0.2,40542,350,2,2,1,3,RR Dart Mk 532,16.0,451
F27-500,336145,482,1826,2000,52,pax,f27.png,Fokker,15.64,0.21,87398,380,2,2,1,3,RR Dart 7 Mk.536-7R,15.64,482
F27-500,336145,534,1826,2000,52,pax,f27.png,Fokker,18.19,0.21,87398,380,2,2,1,3,RR Dart Mk 582,18.19,534
F27-500,336145,575,1826,2000,52,pax,f27.png,Fokker,18.53,0.21,87398,380,2,2,1,3,RR Dart Mk.532-7,18.53,575
F28-1000,660013,908,2000,2000,65,pax,f28.png,Fokker,10.2,0.12,165004,330,2,2,1,3,"RR RB183-2 ""Spey"" Mk555-15",10.2,908
F27-400,680000,412,1468,2000,40,pax,f27.png,Fokker,17.1,0.24,26246,360,2,2,1,3,RR Dart 7,17.1,412
F28-6000,707020,767,1650,2000,85,pax,f28.png,Fokker,9.1,0.12,155544,400,2,2,1,3,"RR RB183-2 ""Spey"" Mk555-15H",9.1,767
F28-3000,711521,902,1900,2000,65,pax,f28.png,Fokker,9.18,0.11,170766,390,2,2,1,3,"RR RB183-2 ""Spey"" Mk555-15",9.18,902
Fokker 50,718458,624,2055,2000,58,pax,f50.png,Fokker,6.79,0.09,114954,380,2,2,1,3,PW125B,6.79,624
Fokker 70,725120,817,2040,2000,70,pax,f70.png,Fokker,9.45,0.11,87014,490,2,2,1,2,RR Tay Mk.620,9.45,817
F27-100,748000,466,1315,2000,44,pax,f27.png,Fokker,18.05,0.24,26968,360,2,2,1,3,RR Dart 6 Mk.514-7,18.05,466
F27-100,748000,494,1315,2000,44,pax,f27.png,Fokker,20.33,0.24,26968,360,2,2,1,3,RR Dart Mk 582,20.33,494
F28-4000,814144,767,1900,2000,85,pax,f28.png,Fokker,9.1,0.12,175040,350,2,2,1,3,"RR RB183-2 ""Spey"" Mk555-15H",9.1,767
F28-4000,814144,944,1900,2000,85,pax,f28.png,Fokker,10.4,0.12,175040,350,2,2,1,3,"RR RB183-2 ""Spey"" Mk555-15P",10.4,944
Fokker 70A,828709,817,2040,2000,80,pax,f70.png,Fokker,9.45,0.11,103588,490,2,2,1,2,RR Tay Mk.620,9.45,817
F100,861279,695,4300,6000,122,pax,f100.png,Fokker,20.68,0.16,81822,400,2,5,2,6,RR Tay Mk.650-15,20.68,695
F28-2000,1100175,908,2743,2000,79,pax,f28.png,Fokker,10.2,0.12,264042,350,2,2,1,3,"RR RB183-2 ""Spey"" Mk555-15",10.2,908
ARJ21-700,1028514,930,2200,7500,78,pax,arj.png,Comac,9.27,0.11,41140,510,2,3,1,2,General Electric CF34-10A,9.27,930
ARJ21-900,1130706,930,2200,7900,98,pax,arj.png,Comac,10.3,0.12,45228,510,2,2,1,3,General Electric CF34-10A,10.3,930
ARJ21-700ER,1513551,930,3700,7800,78,pax,arj.png,Comac,10.3,0.12,60542,510,2,2,1,3,General Electric CF34-10A,10.3,930
C919,6517748,980,5555,5200,168,pax,c919.png,Comac,11.44,0.12,619186,400,2,3,1,4,LEAP-1C,11.44,980
Tu-104,241193,816,2750,2000,50,pax,tu-104.png,Tupolev,16.8,0.2,77182,330,2,2,1,3,Mikulin AM-3,16.8,816
Tu-124,562598,972,2100,2000,56,pax,tu-104.png,Tupolev,11.44,0.14,160340,380,2,2,1,2,Soloviev D-20P,11.44,972
Tu-104A,627900,765,2750,2000,70,pax,tu-104.png,Tupolev,13.65,0.16,194650,320,2,2,1,3,Mikulin AM-3,13.65,765
Tu-134A,686770,799,2000,2000,76,pax,tu-134a.png,Tupolev,11.0,0.14,178560,380,2,2,1,4,Soloviev D-30-II,11.0,799
Tu-104D,698913,765,2750,2000,85,pax,tu-104.png,Tupolev,14.7,0.18,216664,360,2,3,1,3,Mikulin AM-3,14.7,765
Tu-104B,742545,795,2650,2000,100,pax,tu-104.png,Tupolev,15.84,0.2,222764,350,2,3,1,4,Mikulin AM-3M-500,15.84,795
Tu-110,1049234,899,3450,2000,100,pax,tu-104.png,Tupolev,17.44,0.2,325262,360,3,3,1,4,Lyulka AL-7,17.44,899
Tu-334-200,1553460,828,2200,2000,126,pax,tu-334.png,Tupolev,9.72,0.11,155346,500,2,3,2,3,D436-T2,9.72,828
Tu-334-220,1610294,799,2200,2000,126,pax,tu-334.png,Tupolev,8.19,0.11,161030,480,2,3,2,3,BR715-56,8.19,799
Tu-334-100,1800602,795,3150,2000,102,pax,tu-334.png,Tupolev,8.1,0.11,180060,450,2,3,1,3,D-436T-1,8.1,795
Tu-334-100D,2343641,828,4100,2000,102,pax,tu-334.png,Tupolev,9.72,0.11,234364,450,2,3,1,3,D436-T2,9.72,828
Tu-334-120D,2600869,733,4100,2000,102,pax,tu-334.png,Tupolev,7.28,0.1,260086,460,2,3,1,3,BR715-56,7.28,733
Tu-154M,4514400,893,4000,2000,180,pax,tu-154.png,Tupolev,13.02,0.18,790020,320,2,4,2,5,Soloviev D-30KU-154,13.02,893
Tu-154,5107721,893,5280,2000,180,pax,tu-154.png,Tupolev,14.88,0.2,1200314,390,3,8,2,4,Soloviev D-30KU-154,14.88,893
Tu-204-300,5991344,833,5800,2000,164,pax,tu-204.png,Tupolev,12.74,0.16,718962,490,3,6,2,4,Aviadvigatel PS-90A,12.74,833
Tu-204-120,6137208,834,4100,2000,210,pax,tu-204.png,Tupolev,11.44,0.14,767152,480,2,4,2,4,RB.211-535E4,11.44,834
Tu-204-100,6436584,729,4300,2000,210,pax,tu-204.png,Tupolev,10.78,0.14,804574,470,2,4,2,4,PS-90A,10.78,729
Tu-214,6497956,729,4341,2000,210,pax,tu-204.png,Tupolev,10.78,0.14,812244,490,2,4,2,5,PS-90A,10.78,729
Phenom 100,68000,708,2182,2000,4,pax,phenom.png,Embraer,7.2,0.1,1900,490,2,1,1,1,PW617F-E,7.2,708
EMB 121 Xingu I,85000,329,2352,2000,5,pax,xingu.png,Embraer,7.76,0.1,6588,350,2,1,1,1,PW PT6A-28,7.76,329
Phenom 300,102000,851,3334,2000,6,pax,phenom.png,Embraer,8.72,0.1,3658,460,2,1,1,1,PW 535,8.72,851
Legacy 450,110501,837,4260,2000,7,pax,legacy.png,Embraer,7.6,0.1,4420,520,2,1,1,1,HTF7500E,7.6,837
Legacy 500,128115,837,5186,2000,8,pax,legacy.png,Embraer,7.6,0.1,5124,510,2,1,1,1,HTF7500E,7.6,837
EMB 120,134440,535,1481,2000,30,pax,emb120.png,Embraer,14.0,0.18,22854,390,2,1,1,2,PWII8A,14.0,535
Praetor 500,198115,837,6186,2000,7,pax,legacy.png,Embraer,7.6,0.11,34216,400,2,1,1,1,HTF7500E,7.6,837
Praetor 600,218115,794,7441,2000,8,pax,legacy.png,Embraer,8.0,0.12,34216,400,2,1,1,1,RR AE3007,8.0,794
ERJ 135ER,352585,910,2650,2000,37,pax,erj135.png,Embraer,9.54,0.11,38784,460,2,2,1,2,RR AE3007A1/3,9.54,910
Legacy 600,360159,784,6060,2000,13,pax,legacy.png,Embraer,8.0,0.1,34216,490,2,1,1,1,RR AE3007,8.0,784
Lineage 1000,385854,924,8344,2000,19,pax,lineage.png,Embraer,10.9,0.12,19292,470,3,2,1,2,GE CF34-10E7B,10.9,924
ERJ 135LR,417514,910,3138,2000,37,pax,erj135.png,Embraer,7.42,0.09,48014,450,2,2,1,2,RR AE3007A1/3,7.42,910
ERJ 145ER,442288,866,2445,2000,50,pax,erj135.png,Embraer,7.35,0.09,48652,450,2,2,1,2,RR AE3007A,7.35,866
ERJ 140LR,477675,910,3019,2000,44,pax,erj135.png,Embraer,7.42,0.09,52544,450,2,2,1,2,RR AE3007A1/3,7.42,910
ERJ 145LR,519169,883,2870,2000,50,pax,erj135.png,Embraer,7.14,0.09,59704,460,2,2,1,2,RR AE3007A1,7.14,883
ERJ 145XR,1129212,909,3705,2000,50,pax,erj135.png,Embraer,5.15,0.06,124214,490,2,2,1,2,RR AE3007A1E,5.15,909
ERJ 190-200,1598528,870,2593,2000,122,pax,erj190.png,Embraer,10.1,0.12,119890,500,2,2,2,2,GE CF34-10E,10.1,870
ERJ 170-200,1734433,891,3334,2000,88,pax,erj170.png,Embraer,9.54,0.11,138754,470,2,2,1,2,GE CF34-8E,9.54,891
ERJ 170-100,1839550,891,3334,2000,80,pax,erj170.png,Embraer,8.48,0.1,156362,460,2,2,1,2,GE CF34-8E,8.48,891
ERJ 190-100,1853174,870,3334,2000,110,pax,erj190.png,Embraer,10.1,0.12,129722,470,2,2,1,2,GE CF34-10E,10.1,870
ERJ 170-200LR,2023158,891,3889,2000,88,pax,erj170.png,Embraer,9.54,0.11,161852,470,2,2,1,2,GE CF34-8E,9.54,891
ERJ 190-200LR,2055338,870,3334,2000,122,pax,erj190.png,Embraer,10.1,0.12,123320,490,2,2,2,2,GE CF34-10E,10.1,870
ERJ 170-100LR,2145774,891,3889,2000,80,pax,erj170.png,Embraer,8.48,0.1,160934,470,2,2,1,2,GE CF34-8E,8.48,891
ERJ 170-200AR,2172603,891,3706,2000,85,pax,erj170.png,Embraer,8.48,0.1,162946,460,2,2,1,1,GE CF34-8E,8.48,891
ERJ 190-100LR,2367883,870,4260,2000,110,pax,erj190.png,Embraer,10.1,0.12,153912,490,2,2,1,2,GE CF34-8E,10.1,870
ERJ 190-100AR,2472381,870,4448,2000,110,pax,erj190.png,Embraer,10.1,0.12,173066,490,2,2,1,1,GE CF34-10E,10.1,870
ERJ 170-100AR,2512492,891,3892,2000,78,pax,erj170.png,Embraer,7.42,0.09,138188,500,2,2,1,1,GE CF34-8E,7.42,891
ERJ 190-200AR,2825347,870,4077,2000,120,pax,erj190.png,Embraer,9.09,0.11,169520,500,2,2,2,1,GE CF34-10E,9.09,870
E175-E2,3197562,966,3820,4265,80,pax,e175.png,Embraer,11.33,0.14,127902,500,2,2,1,1,PW1715G,11.33,966
E190-E2,3387562,931,3820,4314,97,pax,e190.png,Embraer,11.77,0.14,135502,510,2,2,1,1,PW1919G,11.77,931
E190-E2,3387562,844,3820,4314,97,pax,e190.png,Embraer,10.78,0.14,135502,510,2,2,1,1,PW1921G,10.78,844
E190-E2,3387562,905,3820,4314,97,pax,e190.png,Embraer,11.11,0.14,135502,510,2,2,1,1,PW1922G,11.11,905
E190-E2,3387562,783,3820,4314,97,pax,e190.png,Embraer,10.67,0.14,135502,510,2,2,1,1,PW1923G,10.67,783
E195-E2,4216798,931,3820,4593,120,pax,e195.png,Embraer,13.91,0.16,168672,550,2,3,1,2,PW1919G,13.91,931
E195-E2,4216798,844,3820,4593,120,pax,e195.png,Embraer,12.74,0.16,168672,550,2,3,1,2,PW1921G,12.74,844
E195-E2,4216798,905,3820,4593,120,pax,e195.png,Embraer,13.13,0.16,168672,550,2,3,1,2,PW1922G,13.13,905
E195-E2,4216798,783,3820,4593,120,pax,e195.png,Embraer,12.61,0.16,168672,550,2,3,1,2,PW1923G,12.61,783
DHC-8-Q200,124381,585,1713,2000,37,pax,dhc-8.png,Bombardier,17.51,0.21,14926,480,2,1,1,2,PW123C,17.51,585
DHC-8-Q200,124381,510,1713,2000,37,pax,dhc-8.png,Bombardier,16.15,0.21,14926,480,2,1,1,2,PW123D,16.15,510
DHC-8-100,127710,505,1889,2000,37,pax,dhc-8.png,Bombardier,16.96,0.2,22350,380,2,1,1,2,PW120A,16.96,505
DHC-8-100,127710,480,1889,2000,37,pax,dhc-8.png,Bombardier,15.84,0.2,22350,380,2,1,1,2,PW121,15.84,480
Learjet 25B,137633,789,2684,2000,8,pax,learjet.png,Bombardier,17.51,0.09,33720,320,0,0,0,0,GE CJ610-6,17.51,789
Learjet 25B,137633,956,2684,2000,8,pax,learjet.png,Bombardier,17.42,0.09,33720,320,0,0,0,0,GE CJ610-8,17.42,956
DHC-8-Q300,180374,512,1558,2000,50,pax,q300.png,Bombardier,13.86,0.18,27056,370,2,2,1,2,PW123B,13.86,512
Challenger 300,223915,945,3000,3500,16,pax,challenger.png,Bombardier,10.1,0.12,16794,480,2,1,1,1,GE CF34-3A,10.1,945
DHC-7,259197,396,1400,2000,54,pax,dhc-7.png,Bombardier,14.7,0.19,53136,400,2,1,1,2,PW PT6A-50,14.7,396
CRJ 100,416025,840,2417,4500,50,pax,crj100.png,Bombardier,7.56,0.09,56164,470,2,1,1,2,GE CF34-3A1,7.56,840
Challenger 600,439374,863,5925,3500,19,pax,challenger.png,Bombardier,6.3,0.09,85678,370,2,1,1,2,ALF-502L,6.3,863
CRJ 100ER,526012,840,3056,4500,50,pax,crj100.png,Bombardier,7.56,0.09,71012,470,2,1,1,2,GE CF34-3A1,7.56,840
Challenger 601,552716,825,6236,3500,19,pax,challenger.png,Bombardier,5.4,0.08,102252,350,2,1,1,2,ALF-502L,5.4,825
Challenger 601,552716,945,6236,3500,19,pax,challenger.png,Bombardier,6.06,0.08,102252,350,2,1,1,2,GE CF34-3A,6.06,945
Challenger 605,558459,799,7491,3780,12,pax,challenger.png,Bombardier,4.6,0.06,36300,490,2,1,1,1,GE CF34-3B,4.6,799
CRJ 200,621621,802,3500,2000,50,pax,crj200.png,Bombardier,6.72,0.09,83918,450,2,2,1,1,GE CF34-3B1,6.72,802
Global 7500,630386,898,14260,5800,19,pax,global.png,Bombardier,8.37,0.06,59886,400,2,4,2,2,General Electric Passport,8.37,898
CRJ 100LR,638581,840,3710,2000,50,pax,crj100.png,Bombardier,7.56,0.09,86208,490,2,1,1,2,GE CF34-3A1,7.56,840
Global 8000,651042,898,14631,5820,17,pax,global.png,Bombardier,7.44,0.06,61848,400,2,3,2,2,General Electric Passport,7.44,898
CRJ 200LR,659451,802,3713,2000,50,pax,crj200lr.png,Bombardier,6.72,0.09,75836,470,2,1,1,2,GE CF34-3B1,6.72,802
DHC-8-Q400,804752,734,2522,2000,70,pax,q400.png,Bombardier,9.9,0.11,76452,480,2,2,1,2,PW150A,9.9,734
CRJ 701,1052956,879,2655,2000,78,pax,crj.png,Bombardier,9.36,0.11,94766,500,2,2,1,2,GE CF34-8C1,9.36,879
Challenger 604,1143957,800,9680,3780,19,pax,challenger.png,Bombardier,4.6,0.06,131556,450,2,1,1,1,GE CF34-3B,4.6,800
CRJ 700,1174846,794,3121,2000,68,pax,crj.png,Bombardier,8.82,0.11,105736,490,2,2,1,2,GE CF34-8C1,8.82,794
CRJ 701ER,1271479,879,3206,2000,70,pax,crj.png,Bombardier,9.36,0.11,114434,490,2,2,1,2,GE CF34-8C1,9.36,879
CRJ 700NG,1335683,840,2735,2000,70,pax,crj.png,Bombardier,7.92,0.1,80140,460,2,2,1,2,GE CF34-8C5B1,7.92,840
CRJ 702,1347617,859,3121,2000,78,pax,crj.png,Bombardier,9.36,0.11,121286,450,2,2,1,2,GE CF34-8C1,9.36,859
CRJ 705,1352951,879,3184,2000,75,pax,crj.png,Bombardier,9.36,0.11,54118,510,2,2,1,2,GE CF34-8C1,9.36,879
CRJ 700ER,1383766,794,3676,2000,68,pax,crj.png,Bombardier,8.82,0.11,124538,470,2,2,1,2,GE CF34-8C1,8.82,794
CRJ 701LR,1470569,879,3708,2000,70,pax,crj.png,Bombardier,9.36,0.11,132352,500,2,2,1,2,GE CF34-8C1,9.36,879
CRJ 900NG,1498256,838,2421,2000,88,pax,crj.png,Bombardier,7.28,0.1,119860,470,2,2,1,2,GE CF34-8C5,7.28,838
CRJ 900,1530636,837,2956,2000,86,pax,crj.png,Bombardier,8.19,0.11,122450,490,2,2,1,2,GE CF34-8C5,8.19,837
CRJ 705ER,1544590,879,3635,2000,75,pax,crj.png,Bombardier,9.36,0.11,61784,550,2,2,1,2,GE CF34-8C1,9.36,879
CRJ 705LR,1573060,879,3702,2000,75,pax,crj.png,Bombardier,9.36,0.11,62922,550,2,2,1,2,GE CF34-8C1,9.36,879
CRJ 1000,1819929,877,2760,5499,100,pax,crj100.png,Bombardier,8.32,0.1,109196,450,2,2,1,2,GE CF34-8C5A1,8.32,877
CRJ 1000,1819929,802,2760,5499,100,pax,crj100.png,Bombardier,7.44,0.1,109196,450,2,2,1,2,GE CF34-8C5A2,7.44,802
CRJ 900ER,1823606,808,3488,2000,90,pax,crj.png,Bombardier,8.19,0.11,145888,460,2,3,1,2,GE CF34-8C5,8.19,808
CRJ 900LR,2092337,808,4002,2000,90,pax,crj.png,Bombardier,8.19,0.11,167386,500,2,3,1,2,GE CF34-8C5,8.19,808
C S100,2697150,905,5463,4449,110,pax,cs.png,Bombardier,13.2,0.15,107886,550,2,4,2,4,PW1519G,13.2,905
C S100,2697150,855,5463,4449,110,pax,cs.png,Bombardier,12.72,0.15,107886,550,2,4,2,4,PW1521G,12.72,855
C S100,2697150,905,5463,4449,110,pax,cs.png,Bombardier,12.96,0.15,107886,550,2,4,2,4,PW1524G,12.96,905
CL-44D,3613052,711,4855,8050,160,pax,cl-44d.png,Bombardier,13.13,0.16,1047786,340,3,3,2,4,RR Tyne 515/50,13.13,711
C S300,4984356,855,5463,4800,135,pax,cs.png,Bombardier,14.84,0.18,199374,500,2,6,2,4,PW1521G,14.84,855
C S300,4984356,905,5463,4800,135,pax,cs.png,Bombardier,15.12,0.18,199374,500,2,6,2,4,PW1524G,15.12,905
L-1329 JetStar,132130,957,4585,2000,10,pax,jetstar.png,Lockheed,9.09,0.11,40960,320,2,1,1,3,Garrett AiResearch TFE-731-3,9.09,957
L-188 Electra,1242421,593,3450,2000,127,pax,electra.png,Lockheed,12.48,0.16,372726,390,3,3,2,5,Allison 501-D13,12.48,593
L-1049G Super Constellation,1802354,596,8700,2000,95,pax,constellation.png,Lockheed,25.2,0.3,612800,390,4,2,1,4,Wright R-3350-DA3 Turbo Compound,25.2,596
L-1011-200,24777200,838,7420,2000,263,pax,l-1011-200.png,Lockheed,17.28,0.22,5327098,370,3,9,2,4,RR RB211-524B,17.28,838
L-1011-500,33120715,876,9900,9400,315,pax,l-1011-500.png,Lockheed,19.2,0.25,3146468,400,2,9,4,4,RR RB211-524B,19.2,876
DC-1,204000,297,1500,2000,12,pax,dc-1.png,McDonnell Douglas,18.0,0.22,4628,200,2,1,1,2,SGR-1820F,18.0,297
DC-2,238000,273,1750,2000,14,pax,dc-1.png,McDonnell Douglas,15.64,0.21,6226,290,3,1,1,2,GR-F53,15.64,273
DC-5,374000,358,2575,2000,22,pax,dc-1.png,McDonnell Douglas,18.54,0.22,12266,230,3,2,1,2,PW R-1820-44,18.54,358
DC-4,464718,332,4023,2000,86,pax,dc-1.png,McDonnell Douglas,13.5,0.19,188210,200,3,2,1,2,PW R20002SDBG,13.5,332
DC-3,544000,250,1650,2000,32,pax,dc-3.png,McDonnell Douglas,17.48,0.24,10778,200,2,2,1,2,PW R1830S1C3G,17.48,250
DC-3,544000,274,1650,2000,32,pax,dc-3.png,McDonnell Douglas,20.33,0.24,10778,200,2,2,1,2,SGR1820,20.33,274
DC-9-10,659657,894,2036,2000,90,pax,dc-9.png,McDonnell Douglas,13.44,0.18,178108,340,2,2,1,2,PW JT8D-7,13.44,894
DC-6,707147,491,7376,2000,56,pax,dc-6.png,McDonnell Douglas,14.72,0.2,254572,280,4,2,1,2,PW R2800-CA15,14.72,491
DC-9-50,847715,889,2631,2000,90,pax,dc-9.png,McDonnell Douglas,13.16,0.18,186498,380,2,2,1,2,PW JT8D-17,13.16,889
DC-6B,854413,568,4835,2000,102,pax,dc-6.png,McDonnell Douglas,17.44,0.2,307588,210,4,2,1,2,PW R2800-CB17,17.44,568
DC-9-30,865651,871,2631,2000,90,pax,dc-9.png,McDonnell Douglas,13.44,0.18,225070,380,2,2,1,2,PW JT8D-15,13.44,871
DC-9-40,892301,871,2712,2000,90,pax,dc-9.png,McDonnell Douglas,13.44,0.18,227536,370,2,2,1,2,PW JT8D-15,13.44,871
DC-9-21,957060,914,2977,2000,90,pax,dc-9.png,McDonnell Douglas,15.12,0.18,258406,360,2,2,1,2,PW JT8D-9,15.12,914
DC-7,1428866,576,7410,2000,99,pax,dc-6.png,McDonnell Douglas,17.12,0.2,471526,380,4,2,1,2,R-3350-18EA1,17.12,576
DC-7B,1558217,610,8000,2000,100,pax,dc-6.png,McDonnell Douglas,17.28,0.2,514212,340,4,2,1,2,R-3350-18EA1,17.28,610
DC-7C,1806145,561,9070,2000,105,pax,dc-6.png,McDonnell Douglas,17.12,0.2,596028,320,4,2,1,2,R-3350-18EA1,17.12,561
MD-87,1995393,738,4440,2000,139,pax,md80.png,McDonnell Douglas,13.58,0.18,419032,400,2,3,2,3,PW JT8D-217C,13.58,738
MD80,2161616,819,6000,2000,130,pax,md80.png,McDonnell Douglas,16.96,0.2,421516,340,2,4,2,3,P&W JT8D-209,16.96,819
MD80,2161616,868,6000,2000,130,pax,md80.png,McDonnell Douglas,17.44,0.2,421516,340,2,4,2,3,P&W JT8D-219,17.44,868
MD-81,2296357,819,2910,2000,172,pax,md80.png,McDonnell Douglas,17.44,0.2,482234,340,2,3,2,3,PW JT8D-209,17.44,819
MD-88,2998679,908,3800,2000,172,pax,md80.png,McDonnell Douglas,17.44,0.2,629722,340,2,3,2,3,PW JT8D-217A,17.44,908
MD-88,2998679,738,3800,2000,172,pax,md80.png,McDonnell Douglas,15.54,0.2,629722,340,2,3,2,3,PW JT8D-217C,15.54,738
MD-88,2998679,746,3800,2000,172,pax,md80.png,McDonnell Douglas,14.88,0.2,629722,340,2,3,2,3,PW JT8D-219,14.88,746
MD-90-30,3049783,739,3860,2000,172,pax,md-90.png,McDonnell Douglas,14.88,0.2,396472,470,2,3,2,3,IAE V2525-D5,14.88,739
MD-90-30,3049783,909,3860,2000,172,pax,md-90.png,McDonnell Douglas,17.44,0.2,396472,470,2,3,2,3,IAE V2528-D5,17.44,909
MD-90-30ER,3495399,739,4424,2000,172,pax,md-90.png,McDonnell Douglas,14.88,0.2,454402,450,2,3,2,3,IAE V2525-D5,14.88,739
MD-90-30ER,3495399,909,4424,2000,172,pax,md-90.png,McDonnell Douglas,17.44,0.2,454402,450,2,3,2,3,IAE V2528-D5,17.44,909
MD-83,3661545,746,4640,2000,172,pax,md80.png,McDonnell Douglas,14.88,0.2,768924,380,2,3,2,3,PW JT8D-219,14.88,746
MD-90-50,4076912,909,5160,2000,172,pax,md-90.png,McDonnell Douglas,17.44,0.2,529998,450,2,3,2,3,IAE V2528-D5,17.44,909
DC-8-10,4812350,902,7410,2000,160,pax,dc-8.png,McDonnell Douglas,19.62,0.22,1467766,380,3,3,2,3,PW JT3C-6,19.62,902
DC-8-61,5189932,853,6035,2000,210,pax,dc-8.png,McDonnell Douglas,18.43,0.24,1375332,380,3,4,2,4,PW JT3D-3B,18.43,853
DC-8-20,5256539,877,7410,2000,170,pax,dc-8.png,McDonnell Douglas,18.18,0.22,1603244,320,3,3,2,3,PW JT4A-9,18.18,877
DC-8-71,5850306,808,7035,2000,210,pax,dc-8.png,McDonnell Douglas,17.67,0.24,1082306,370,3,4,2,4,CFM56-2C5,17.67,808
DC-8-40,6669034,916,8230,2000,176,pax,dc-8.png,McDonnell Douglas,17.51,0.21,2034056,360,3,3,2,3,PW JT4A-11,17.51,916
DC-8-40,6669034,916,8230,2000,176,pax,dc-8.png,McDonnell Douglas,18.7,0.21,2034056,360,3,3,2,3,RR Conway,18.7,916
DC-10-10,6806411,1008,6436,2000,250,pax,dc-10.png,McDonnell Douglas,20.33,0.24,1633538,360,3,8,2,5,GE CF6-6D,20.33,1008
DC-8-62,8696462,856,9620,2000,220,pax,dc-8.png,McDonnell Douglas,18.43,0.24,2261080,400,3,4,2,4,PW JT3D-3B,18.43,856
DC-8-50,9354363,844,11260,2000,179,pax,dc-8.png,McDonnell Douglas,16.49,0.21,2853080,360,3,3,2,3,PW JT3D-3,16.49,844
DC-8-72,9830403,808,10620,2000,220,pax,dc-8.png,McDonnell Douglas,16.74,0.22,1818624,400,3,4,2,4,CFM56-2C5,16.74,808
DC-8-63,24540066,883,7600,2000,259,pax,dc-8.png,McDonnell Douglas,17.86,0.24,6257716,350,3,4,2,4,PW JT3D-7,17.86,883
DC-10-15,24540516,854,7000,2000,260,pax,dc-10.png,McDonnell Douglas,16.74,0.22,4662698,320,2,9,2,4,GE CF6-50C2F,16.74,854
DC-8-73,28278818,808,8650,2000,259,pax,dc-8.png,McDonnell Douglas,16.74,0.22,5231582,370,3,4,2,4,CFM56-2C5,16.74,808
DC-10-30,36409376,872,9493,2000,320,pax,dc-10.png,McDonnell Douglas,19.4,0.25,8556204,400,3,10,2,5,GE CF6-50C,19.4,872
DC-10-40,46926501,926,9322,2000,360,pax,dc-10.png,McDonnell Douglas,21.8,0.25,10793096,330,3,11,2,5,PW JT9D-49A,21.8,926
DC-10-40,46926501,972,9322,2000,360,pax,dc-10.png,McDonnell Douglas,21.2,0.25,10793096,330,3,11,2,5,PWJT9D-25W,21.2,972
DC-10-40,46926501,935,9322,2000,360,pax,dc-10.png,McDonnell Douglas,21.8,0.25,10793096,330,3,11,2,5,PW JT9D-59A,21.8,935
MD-11C,56273548,788,12435,2000,410,pax,md-11.png,McDonnell Douglas,23.28,0.3,9285136,350,3,13,4,5,GE CF6-80C2D1F,23.28,788
MD-11C,56273548,955,12435,2000,410,pax,md-11.png,McDonnell Douglas,25.92,0.3,9285136,350,3,13,4,5,PW 4460,25.92,955
MD-11C,56273548,850,12435,2000,410,pax,md-11.png,McDonnell Douglas,21.84,0.3,9285136,350,3,13,4,5,PW 4462,21.84,850
MD-11,57269139,788,12655,2000,410,pax,md-11.png,McDonnell Douglas,23.28,0.3,9449408,370,3,13,4,5,GE CF6-80C2D1F,23.28,788
MD-11,57269139,929,12655,2000,410,pax,md-11.png,McDonnell Douglas,24.48,0.3,9449408,370,3,13,4,5,PW4460,24.48,929
MD-11,57269139,920,12655,2000,410,pax,md-11.png,McDonnell Douglas,25.2,0.3,9449408,370,3,13,4,5,PW4462,25.2,920
MD-11ER,60676778,788,13408,2000,410,pax,md-11.png,McDonnell Douglas,23.28,0.3,7584598,450,3,13,4,5,GE CF6-80C2D1F,23.28,788
MD-11ER,60676778,955,13408,2000,410,pax,md-11.png,McDonnell Douglas,25.92,0.3,7584598,450,3,13,4,5,PW 4460,25.92,955
MD-11ER,60676778,850,13408,2000,410,pax,md-11.png,McDonnell Douglas,21.84,0.3,7584598,450,3,13,4,5,PW 4462,21.84,850
DC3,850000,259,1650,4500,6900,cargo,dc-3.png,McDonnell Douglas,30.45,0.2,139380,400,3,1,2,3,PW S1C3G,30.45,259
DC3,850000,247,1650,4500,6900,cargo,dc-3.png,McDonnell Douglas,29.0,0.2,139380,400,3,1,2,3,WR-1820,29.0,247
DC9,1105000,905,3030,6500,11950,cargo,dc-9.png,McDonnell Douglas,34.68,0.21,241390,400,2,2,2,2,PW JT8D-5,34.68,905
DC9,1105000,887,3030,6500,11950,cargo,dc-9.png,McDonnell Douglas,32.64,0.21,241390,400,2,2,2,2,PW JT8D-7,32.64,887
An-74VIP,100722,539,3300,6500,12,pax,an-74vip.png,Antonov,7.68,0.1,18130,350,2,1,1,3,Lotarev D-36-(3A),7.68,539
An-74-200,134296,539,3300,4650,16,pax,an-74-200.png,Antonov,10.56,0.14,24174,320,2,1,1,3,Lotarev D-36-(3A),10.56,539
An-74TK-100,661308,539,2750,5600,52,pax,an-74tk-100.png,Antonov,7.68,0.1,135568,330,2,2,1,4,Lotarev D-36-(3A),7.68,539
An-10,1104705,728,4075,6500,100,pax,an-10.png,Antonov,14.98,0.18,331412,370,3,3,1,5,Ivchenko AI-20,14.98,728
An-12,1192364,663,3600,6500,124,pax,an-12.png,Antonov,13.02,0.18,357710,350,5,3,2,5,AI-20M,13.02,663
An-12,1192364,663,3600,6500,124,pax,an-12.png,Antonov,12.6,0.18,357710,350,5,3,2,5,Progress AI-20L,12.6,663
An-10A,1215176,728,4075,6500,110,pax,an-10.png,Antonov,14.98,0.18,364552,350,3,3,1,5,Ivchenko AI-20,14.98,728
An-74TK-300,1550016,582,3600,7500,60,pax,an-74tk-300.png,Antonov,5.7,0.08,139502,480,2,2,1,2,Lotarev D-36-(4A),5.7,582
An-124,196564896,884,5400,9500,330000,cargo,an-124.png,Antonov,37.45,0.2,6666000,400,4,2,2,6,Ivchenko Progress D-18T,37.45,884
AN-225,659923421,824,4000,10500,550000,cargo,an-225.png,Antonov,69.0,0.29,11110000,400,3,3,4,3,ZMKB Progress D-18,69.0,824
Su-80GP,510000,391,1300,2000,30,pax,su-80gp.png,Sukhoi,15.47,0.21,8274,450,2,1,1,2,GE CT7-9B,15.47,391
Superjet 100-75,1593374,1017,2900,4970,78,pax,superjet.png,Sukhoi,19.26,0.13,56370,400,2,4,2,3,SaM146,19.26,1017
Superjet 100-95,1610270,839,2950,2000,98,pax,superjet100-95.png,Sukhoi,9.63,0.11,64410,500,2,2,1,2,SaM146,9.63,839
Superjet 100-60,1642969,1017,3204,4900,68,pax,superjet.png,Sukhoi,17.12,0.11,61082,400,2,4,2,3,SaM146,17.12,1017
Superjet 100-95LR,4114953,1017,4578,6730,98,pax,superjet.png,Sukhoi,20.33,0.15,105920,400,2,6,3,3,SaM146,20.33,1017
Caravelle III,581947,886,1700,7700,80,pax,caravelle.png,Sud Aviation,11.88,0.14,174584,350,3,2,1,2,RA-29 Mk.531,11.88,886
Caravelle III,581947,741,1700,7700,80,pax,caravelle.png,Sud Aviation,10.34,0.14,174584,350,3,2,1,2,RA-29 Mk.531B,10.34,741
Caravelle IV-R,826463,828,2300,7800,80,pax,caravelle.png,Sud Aviation,10.67,0.14,239674,380,3,2,1,2,RA-29 Mk.533R,10.67,828
Caravelle IV-N,844429,761,2350,7800,80,pax,caravelle.png,Sud Aviation,10.34,0.14,249106,320,3,2,1,2,RA-29 Mk.531 RA-29 Mk. 531B,10.34,761
Caravelle 11R,1089317,896,2300,7550,99,pax,caravelle.png,Sud Aviation,10.4,0.12,283222,350,3,3,1,2,P&W JT8D-7,10.4,896
Caravelle 10B,1220219,924,2650,7500,105,pax,caravelle.png,Sud Aviation,11.44,0.14,335560,320,3,3,1,3,P&W JT8D-7,11.44,924
Caravelle 10R,1322298,896,3455,7500,80,pax,caravelle.png,Sud Aviation,10.4,0.12,357020,360,3,2,1,2,P&W JT8D-7,10.4,896
Caravelle 12,1740539,924,3465,7600,140,pax,caravelle.png,Sud Aviation,13.65,0.16,417730,340,3,3,2,3,P&W JT8D-9,13.65,924
A220-100,3234528,949,5750,4790,135,pax,a220.png,Airbus,11.0,0.09,307280,400,2,3,3,2,PW1519G,11.0,949
A220-100,3234528,897,5750,4790,135,pax,a220.png,Airbus,10.6,0.09,307280,400,2,3,3,2,PW1521G,10.6,897
A220-100,3234528,949,5750,4790,135,pax,a220.png,Airbus,10.8,0.09,307280,400,2,3,3,2,PW1524G,10.8,949
A220-100,3234528,967,5750,4790,135,pax,a220.png,Airbus,10.6,0.09,307280,400,2,3,3,2,PW1525G,10.6,967
A318-100,4380431,835,6020,6500,117,pax,a318.png,Airbus,8.4,0.1,350434,450,2,3,2,3,CFM56-5,8.4,835
A318-100,4380431,764,6020,6500,117,pax,a318.png,Airbus,7.44,0.1,350434,450,2,3,2,3,PW6122A,7.44,764
A319-200,5093525,835,7000,6850,117,pax,a319.png,Airbus,8.4,0.1,585756,470,2,3,2,2,CFM56-5,8.4,835
A319-200,5093525,757,7000,6850,117,pax,a319.png,Airbus,7.76,0.1,585756,470,2,3,2,2,IAE V2500,7.76,757
A220-300,5619831,949,6110,4900,160,pax,a220.png,Airbus,13.2,0.1,533884,400,2,5,3,4,PW1519G,13.2,949
A220-300,5619831,897,6110,4900,160,pax,a220.png,Airbus,12.72,0.1,533884,400,2,5,3,4,PW1521G,12.72,897
A220-300,5619831,949,6110,4900,160,pax,a220.png,Airbus,12.96,0.1,533884,400,2,5,3,4,PW1524G,12.96,949
A220-300,5619831,967,6110,4900,160,pax,a220.png,Airbus,12.72,0.1,533884,400,2,5,3,4,PW1525G,12.72,967
A320-200,6770196,881,5700,6500,164,pax,a320.png,Airbus,11.55,0.14,1049380,360,2,4,2,2,CFM56-5,11.55,881
A320-200,6770196,798,5700,6500,164,pax,a320.png,Airbus,10.67,0.14,1049380,360,2,4,2,2,IAE V2500,10.67,798
A319NEO,6845472,949,6950,6000,160,pax,a319neo.png,Airbus,11.0,0.08,650320,400,2,5,2,4,PW PW1100G,11.0,949
A319NEO,6845472,812,6950,6000,160,pax,a319neo.png,Airbus,10.45,0.08,650320,400,2,5,2,4,LEAP-1A,10.45,812
A321-200,8154432,835,6000,7250,220,pax,a321-200.png,Airbus,18.9,0.15,1019304,500,2,4,2,2,CFM56-5,18.9,835
A321-200,8154432,757,6000,7250,220,pax,a321-200.png,Airbus,17.46,0.15,1019304,500,2,4,2,2,IAE V2500,17.46,757
A300B2-200,11605297,762,3430,7625,269,pax,a300.png,Airbus,16.38,0.22,2611192,350,3,9,2,5,PW JT9D-9,16.38,762
A300B2-200,11605297,864,3430,7625,269,pax,a300.png,Airbus,19.08,0.22,2611192,350,3,9,2,5,CF6-50C,19.08,864
A320-NEO,14770196,884,7000,6500,164,pax,a320.png,Airbus,7.7,0.09,590808,540,2,4,2,2,CFM LEAP-X,7.7,884
A320-NEO,14770196,893,7000,6500,164,pax,a320.png,Airbus,7.07,0.09,590808,540,2,4,2,2,PW PW1100G,7.07,893
A340-200,15688189,932,14800,9810,239,pax,a340-200.png,Airbus,18.54,0.22,2039464,500,2,8,2,5,CFM56-5C2,18.54,932
A340-200,15688189,950,14800,9810,239,pax,a340-200.png,Airbus,18.18,0.22,2039464,500,2,8,2,5,CFM56-5C3,18.18,950
A340-200,15688189,869,14800,9810,239,pax,a340-200.png,Airbus,18.0,0.22,2039464,500,2,8,2,5,CFM56-5C4,18.0,869
A300B4-200,21315852,762,6300,7625,269,pax,a300.png,Airbus,16.38,0.22,3943432,330,3,9,2,5,PW JT9D-9,16.38,762
A300B4-200,21315852,864,6300,7625,269,pax,a300.png,Airbus,19.08,0.22,3943432,330,3,9,2,5,CF6-50C,19.08,864
A321-NEO,22760999,884,7250,6500,189,pax,a321-neo.png,Airbus,11.0,0.12,910440,550,2,4,2,2,CFM LEAP-X,11.0,884
A321-NEO,22760999,893,7250,6500,189,pax,a321-neo.png,Airbus,10.1,0.12,910440,550,2,4,2,2,PW PW1100G,10.1,893
A300-600,24683135,963,6670,7625,267,pax,a300.png,Airbus,18.02,0.21,4196132,330,2,9,2,5,CF6-80C2A1,18.02,963
A300-600,24683135,814,6670,7625,267,pax,a300.png,Airbus,15.47,0.21,4196132,330,2,9,2,5,CF6-80C2A5,15.47,814
A300-600,24683135,814,6670,7625,267,pax,a300.png,Airbus,17.0,0.21,4196132,330,2,9,2,5,PW-4156,17.0,814
A300-600,24683135,980,6670,7625,267,pax,a300.png,Airbus,17.17,0.21,4196132,330,2,9,2,5,PW-4158,17.17,980
A310-200,27466560,918,6800,7000,280,pax,a310.png,Airbus,17.12,0.2,5081314,340,2,10,2,5,CF6-80A3,17.12,918
A310-200,27466560,765,6800,7000,280,pax,a310.png,Airbus,15.68,0.2,5081314,340,2,10,2,5,CF6-80C2A2,15.68,765
A310-200,27466560,816,6800,7000,280,pax,a310.png,Airbus,14.88,0.2,5081314,340,2,10,2,5,CF6-80C2A8,14.88,816
A310-200,27466560,935,6800,7000,280,pax,a310.png,Airbus,17.28,0.2,5081314,340,2,10,2,5,JT9D-7R4D1,17.28,935
A310-200,27466560,918,6800,7000,280,pax,a310.png,Airbus,16.8,0.2,5081314,340,2,10,2,5,PW 4152,16.8,918
A310-200,27466560,918,6800,7000,280,pax,a310.png,Airbus,16.8,0.2,5081314,340,2,10,2,5,PW 4156,16.8,918
A300-600R,27773153,963,7505,7625,267,pax,a300.png,Airbus,18.02,0.21,4304838,370,2,9,2,6,CF6-80C2A1,18.02,963
A300-600R,27773153,814,7505,7625,267,pax,a300.png,Airbus,15.47,0.21,4304838,370,2,9,2,6,CF6-80C2A5,15.47,814
A300-600R,27773153,814,7505,7625,267,pax,a300.png,Airbus,17.0,0.21,4304838,370,2,9,2,6,PW 4156,17.0,814
A300-600R,27773153,980,7505,7625,267,pax,a300.png,Airbus,17.17,0.21,4304838,370,2,9,2,6,PW 4158,17.17,980
A321-XLR,29990999,911,8900,7500,220,pax,a321-xlr.png,Airbus,15.4,0.16,1020000,500,2,4,2,2,CFM LEAP-X,15.4,911
A321-XLR,29990999,920,8900,7500,220,pax,a321-xlr.png,Airbus,14.14,0.16,1020000,500,2,4,2,2,PW PW1100G,14.14,920
A310-300,38776320,918,9600,6000,280,pax,a310.png,Airbus,17.12,0.2,6591974,340,2,9,2,5,CF6-80A3,17.12,918
A310-300,38776320,765,9600,6000,280,pax,a310.png,Airbus,15.68,0.2,6591974,340,2,9,2,5,CF6-80C2A2,15.68,765
A310-300,38776320,816,9600,6000,280,pax,a310.png,Airbus,14.88,0.2,6591974,340,2,9,2,5,CF6-80C2A8,14.88,816
A310-300,38776320,935,9600,6000,280,pax,a310.png,Airbus,17.28,0.2,6591974,340,2,9,2,5,JT9D-7R4D1,17.28,935
A310-300,38776320,918,9600,6000,280,pax,a310.png,Airbus,16.8,0.2,6591974,340,2,9,2,5,PW 4152,16.8,918
A310-300,38776320,918,9600,6000,280,pax,a310.png,Airbus,16.8,0.2,6591974,340,2,9,2,5,PW 4156,16.8,918
A330-300,43330073,801,10000,9090,335,pax,a330-300.png,Airbus,16.74,0.22,6066210,450,2,11,2,2,CF6-80E1,16.74,801
A330-300,43330073,862,10000,9090,335,pax,a330-300.png,Airbus,18.0,0.22,6066210,450,2,11,2,2,PW4000,18.0,862
A330-300,43330073,958,10000,9090,335,pax,a330-300.png,Airbus,19.26,0.22,6066210,450,2,11,2,2,RR Trent 700,19.26,958
A330-200,43631874,801,12500,9090,253,pax,a330-200.png,Airbus,15.81,0.21,4581346,460,2,8,2,4,CF6-80E1,15.81,801
A330-200,43631874,862,12500,9090,253,pax,a330-200.png,Airbus,17.0,0.21,4581346,460,2,8,2,4,PW4000,17.0,862
A330-200,43631874,958,12500,9090,253,pax,a330-200.png,Airbus,18.19,0.21,4581346,460,2,8,2,4,RR Trent 700,18.19,958
A340-300,55469568,932,14000,10200,335,pax,a340-300.png,Airbus,20.6,0.25,7211044,470,2,10,2,2,CFM56-5C2,20.6,932
A340-300,55469568,950,14000,10200,335,pax,a340-300.png,Airbus,20.2,0.25,7211044,470,2,10,2,2,CFM56-5C3,20.2,950
A340-300,55469568,869,14000,10200,335,pax,a340-300.png,Airbus,20.0,0.25,7211044,470,2,10,2,2,CFM56-5C4,20.0,869
A340-300,55469568,1004,14000,10200,335,pax,a340-300.png,Airbus,21.4,0.25,7211044,470,2,10,2,2,CFM56-5C4P,21.4,1004
A350-800,62240270,860,14500,8760,270,pax,a350.png,Airbus,15.98,0.21,2800812,530,2,9,2,3,RR Trent XWB,15.98,860
A340-500,66262163,862,14500,10200,313,pax,a340-500.png,Airbus,17.1,0.24,5632284,480,2,10,2,4,RR Trent 553,17.1,862
A340-600,69887329,871,14630,10200,380,pax,a340-600.png,Airbus,20.68,0.28,6289860,460,2,11,2,2,RR Trent 556,20.68,871
A350-900,70503048,860,14500,8760,314,pax,a350.png,Airbus,15.98,0.21,2820122,550,2,10,2,3,RR Trent XWB,15.98,860
A350-1000,77538384,860,14800,8760,350,pax,a350-1000.png,Airbus,15.98,0.21,3101536,500,2,11,2,3,RR Trent XWB,15.98,860
A350-900R,82723576,860,14500,8760,314,pax,a350.png,Airbus,15.98,0.21,3308944,520,2,10,2,3,RR Trent XWB,15.98,860
A330-800neo,85325684,801,13900,9500,406,pax,a330neo.png,Airbus,12.0,0.15,3413028,510,2,10,2,3,RR Trent 7000,12.0,801
A330-900neo,109315468,801,12130,9950,440,pax,a330neo.png,Airbus,13.0,0.16,4372618,510,2,10,2,3,RR Trent 7000,13.0,801
A380-800,215629503,964,14500,9680,600,pax,a380.png,Airbus,22.89,0.16,12937770,450,2,18,6,16,GP7270,22.89,964
A380-800,215629503,917,14500,9680,600,pax,a380.png,Airbus,18.9,0.16,12937770,450,2,18,6,16,RR Trent 970,18.9,917
A380-800,215629503,1049,14500,9680,600,pax,a380.png,Airbus,22.26,0.16,12937770,450,2,18,6,16,RR Trent 972,22.26,1049
A310-300F,7936782,765,7330,6000,66000,cargo,a310.png,Airbus,20.58,0.15,1333200,400,2,1,2,2,CF6-80C2A2,20.58,765
A310-300F,7936782,816,7330,6000,66000,cargo,a310.png,Airbus,19.53,0.15,1333200,400,2,1,2,2,CF6-80C2A8,19.53,816
A400M,12823606,780,3298,3215,81600,cargo,a400m.png,Airbus,24.0,0.16,1648320,400,4,0,1,6,Europrop TP400-D6,24.0,780
A400M,12823606,827,3298,3215,81600,cargo,a400m.png,Airbus,24.24,0.16,1648320,400,4,0,1,6,GE CF6-80C2b5F,24.24,827
A400M,12823606,757,3298,3215,81600,cargo,a400m.png,Airbus,23.04,0.16,1648320,400,4,0,1,6,PW4062,23.04,757
A400M,12823606,772,3298,3215,81600,cargo,a400m.png,Airbus,23.76,0.16,1648320,400,4,0,1,6,RR RB211-524,23.76,772
A300-600F,39465463,763,4850,7625,195000,cargo,a300.png,Airbus,41.58,0.18,3939000,400,3,1,2,11,GE CF5-50A,41.58,763
A330-200F,62565894,915,7400,9090,270000,cargo,a330-200f.png,Airbus,26.26,0.2,5454000,400,2,1,1,1,RR Trent 700,26.26,915
A330-200F,62565894,862,7400,9090,270000,cargo,a330-200f.png,Airbus,26.0,0.2,5454000,400,2,1,1,1,PW4000,26.0,862
A380-800F,298765348,945,10400,9680,330000,cargo,a380.png,Airbus,30.72,0.2,6666000,400,2,1,2,2,GP7277,30.72,945
A380-800F,298765348,907,10400,9680,330000,cargo,a380.png,Airbus,28.8,0.2,6666000,400,2,1,2,2,Trent 977/B,28.8,907
A300-600ST,21999869,876,4632,10000,103617,cargo,beluga.png,Airbus,27.0,0.18,3121000,400,2,2,2,1,GE90-110B1,27.0,876
A320-VIP,22760999,936,9500,6500,160,vip,a320vip.png,Airbus,8.8,0.09,295404,400,2,5,2,2,RR Trent XWB,8.8,936
A350-900VIP,91723576,848,18000,8760,300,vip,a350.png,Airbus,13.16,0.18,1954321,350,2,10,3,4,RR Trent XWB,13.16,848
ATR 42-320,122121,483,1945,6500,46,pax,atr42.png,Aerospatiale,9.9,0.14,20760,400,2,1,1,2,PW 121,9.9,483
ATR 42-500,122750,550,1611,6500,50,pax,atr42.png,Aerospatiale,14.88,0.2,21482,340,2,2,1,1,PW127E,14.88,550
ATR 42-400,133060,556,1945,6500,48,pax,atr42.png,Aerospatiale,16.96,0.2,15968,500,2,1,1,2,PW 120,16.96,556
ATR 42-400,133060,504,1945,6500,48,pax,atr42.png,Aerospatiale,14.4,0.2,15968,500,2,1,1,2,PW 121,14.4,504
SN-601 Corvette,149020,684,2555,2000,14,pax,sn601.png,Aerospatiale,7.6,0.1,35020,360,2,1,1,2,P&W JT15D-4,7.6,684
ATR 42-600,208303,559,2000,6500,50,pax,atr42.png,Aerospatiale,14.25,0.19,8332,550,2,1,1,1,PW 127E,14.25,559
ATR 42-600,208303,621,2000,6500,50,pax,atr42.png,Aerospatiale,16.05,0.19,8332,550,2,1,1,1,PW 127F,16.05,621
ATR 42-600,208303,536,2000,6500,50,pax,atr42.png,Aerospatiale,14.55,0.19,8332,550,2,1,1,1,PW 127M,14.55,536
ATR 72-500,365902,553,1650,6500,64,pax,atr42.png,Aerospatiale,11.44,0.14,40250,480,2,2,1,1,PW127M,11.44,553
N262,493000,346,1100,2000,29,pax,n262.png,Aerospatiale,16.49,0.21,10966,370,2,1,1,3,Turbomeca Bastan VI C Turboprop,16.49,346
ATR 72-200,494675,456,2665,6500,64,pax,atr72.png,Aerospatiale,9.3,0.12,69254,480,2,2,1,1,PW 124B,9.3,456
ATR 72-210,513873,485,2800,6500,62,pax,atr72.png,Aerospatiale,9.1,0.12,74512,490,2,2,1,1,PW 127,9.1,485
ATR 42-300,714000,524,1945,6500,42,pax,atr42.png,Aerospatiale,19.08,0.22,16578,340,2,1,1,2,PW 120,19.08,524
ATR 72-600,928466,551,2800,6500,74,pax,atr72.png,Aerospatiale,7.6,0.1,41780,550,2,2,1,1,PW 127E,7.6,551
ATR 72-600,928466,613,2800,6500,74,pax,atr72.png,Aerospatiale,8.56,0.1,41780,550,2,2,1,1,PW 127F,8.56,613
ATR 72-600,928466,528,2800,6500,74,pax,atr72.png,Aerospatiale,7.76,0.1,41780,550,2,2,1,1,PW 127M,7.76,528
Concorde,407808000,1933,7500,11800,120,pax,concorde.png,Aerospatiale,32.9,0.35,87678720,330,3,8,2,8,RR/SNECMA Olympus 593 MK610 Afterburning,32.9,1933
Cessna 172,51000,221,1000,2500,3,pax,cessna172.png,Cessna,3.76,0.05,4682,400,1,0,1,1,Lycomming IO-360-L2A,3.76,221
Cessna 208B,238000,327,2000,2990,14,pax,cessna208b.png,Cessna,10.7,0.12,6962,390,2,0,1,3,PT6A-114,10.7,327
Citation X,378968,947,6020,4000,12,pax,citationx.png,Cessna,7.68,0.1,58740,360,2,1,1,2,RR/Allison AE 3007C1,7.68,947
Il-114,255147,490,1000,2000,64,pax,il-114.png,Ilyushin,13.95,0.19,36996,470,2,2,1,2,Klimov TV-7-117S,13.95,490
Il-14P,408000,339,1750,2000,24,pax,il-14.png,Ilyushin,18.54,0.22,15962,360,3,1,1,2,Shvetsov Ash-82T,18.54,339
Il-114-300,435344,485,2100,2000,52,pax,il-114.png,Ilyushin,7.68,0.1,63124,360,2,2,1,2,Klimov TV-7-117SM,7.68,485
Il-14M,612000,339,1750,2000,36,pax,il-14.png,Ilyushin,18.54,0.22,23208,320,3,1,1,2,Shvetsov Ash-82T,18.54,339
Il-18B,756132,576,2560,2000,84,pax,il-18.png,Ilyushin,9.6,0.12,234400,320,5,2,1,3,Ivchenko Al-20,9.6,576
Il-18B,756132,564,2560,2000,84,pax,il-18.png,Ilyushin,9.2,0.12,234400,320,5,2,1,3,Kuznetsov NK-4,9.2,564
Il-18A,771564,564,2560,2000,75,pax,il-18.png,Ilyushin,8.28,0.11,239184,360,5,2,1,3,Kuznetsov NK-4,8.28,564
Il-18V,1024410,589,3100,2000,90,pax,il-18.png,Ilyushin,9.4,0.12,297078,320,5,2,1,3,Kuznetsov AI-20K,9.4,589
Il-18I,1266516,580,3100,2000,122,pax,il-18.png,Ilyushin,10.78,0.14,392620,350,5,3,2,3,Kuznetsov AI-20M,10.78,580
Il-18D,1439984,580,6500,2000,100,pax,il-18.png,Ilyushin,10.78,0.14,417596,380,5,2,1,3,Kuznetsov AI-20M,10.78,580
Il-62,6302498,893,7550,2000,186,pax,il-62.png,Ilyushin,18.02,0.21,1638650,380,5,4,2,4,Kuznetsov NK84,18.02,893
Il-62M,7065274,932,8850,2000,168,pax,il-62.png,Ilyushin,16.32,0.2,1695666,390,5,4,2,4,Soloviev D30KU,16.32,932
Il-62MK,8204625,944,10000,2000,195,pax,il-62.png,Ilyushin,18.36,0.22,1681948,340,5,4,2,4,Soloviev D30KU,18.36,944
Il-96-300,31671000,833,11500,2000,300,pax,il-96.png,Ilyushin,23.52,0.19,4909006,370,3,10,2,5,Aviadvigatel PS-90A,23.52,833
Il-96-400,40441348,809,10000,2000,436,pax,il-96.png,Ilyushin,27.72,0.18,4448548,460,3,13,4,7,Aviadvigatel PS-90A1,27.72,809
Il-96M,46495680,842,12800,2000,370,pax,il-96.png,Ilyushin,24.96,0.19,6044438,460,3,11,2,6,PW 2000,24.96,842
Il-76D,14598539,846,3650,8500,90000,cargo,il-76d.png,Ilyushin,34.04,0.21,1818000,400,2,2,2,2,Soloviev D30-30 KP,34.04,846
Il-96T,42065468,827,5000,8560,202643,cargo,il-96.png,Ilyushin,38.61,0.19,4093389,400,2,2,2,2,PS-90A1,38.61,827
Il-96T,42065468,853,5000,8560,202643,cargo,il-96.png,Ilyushin,35.88,0.19,4093389,400,2,2,2,2,PW2337,35.88,853
Saab 340,109241,425,1730,2000,37,pax,saab340.png,Saab,13.65,0.19,19664,380,2,1,1,2,GE CT7-9B,13.65,425
Saab 90 Scandia,113217,477,2510,2000,32,pax,scandia.png,Saab,9.27,0.11,42456,210,2,1,1,3,R-2180 Twin Wasp E,9.27,477
Saab 2000,1033701,737,2185,2000,58,pax,saab2000.png,Saab,6.42,0.08,129212,460,2,2,1,2,RR AE 2100,6.42,737
B377 Stratocruiser,788066,574,6760,8600,117,pax,stratocruiser.png,Boeing,29.0,0.3,74866,400,2,9,3,9,PW R-4360,29.0,574
B727-100,1364217,1009,3056,8300,131,pax,b727-100.png,Boeing,13.0,0.17,129600,400,2,6,2,4,PW JT8D-9,13.0,1009
B727-100,1364217,917,3056,8300,131,pax,b727-100.png,Boeing,12.48,0.17,129600,400,2,6,2,4,PW JT8D-7,12.48,917
B737-100,1514699,796,3440,7550,118,pax,b737.gif,Boeing,12.12,0.15,386248,360,2,4,2,7,PW JT8D-7,12.12,796
B737-200C,1580983,772,4622,7550,110,pax,b737.gif,Boeing,13.44,0.18,403150,350,2,3,2,5,PW JT8D-7,13.44,772
B737-200C,1580983,796,4622,7550,110,pax,b737.gif,Boeing,15.12,0.18,403150,350,2,3,2,5,PW JT8D-9,15.12,796
B737-200C,1580983,788,4622,7550,110,pax,b737.gif,Boeing,14.84,0.18,403150,350,2,3,2,5,PW JT8D-9A,14.84,788
B737-500,1856353,718,4449,7550,123,pax,b737.gif,Boeing,11.7,0.16,297016,370,2,5,2,6,CFM-56-3B-1,11.7,718
B737-200Adv,1893733,741,5473,7550,102,pax,b737.gif,Boeing,12.48,0.16,454496,390,2,3,1,5,PW JT8D-15,12.48,741
B737-200Adv,1893733,874,5473,7550,102,pax,b737.gif,Boeing,14.17,0.16,454496,390,2,3,1,5,PW JT8D-15A,14.17,874
B737-200Adv,1893733,772,5473,7550,102,pax,b737.gif,Boeing,12.22,0.16,454496,390,2,3,1,5,PW JT8D-17,12.22,772
B737-200Adv,1893733,733,5473,7550,102,pax,b737.gif,Boeing,12.09,0.16,454496,390,2,3,1,5,PW JT8D-17A,12.09,733
B737-200Adv,1893733,858,5473,7550,102,pax,b737.gif,Boeing,13.39,0.16,454496,390,2,3,1,5,PW JT8D-17AR,13.39,858
B737-200Adv,1893733,757,5473,7550,102,pax,b737.gif,Boeing,11.83,0.16,454496,390,2,3,1,5,PW JT8D-17R,11.83,757
B737-200,2217362,958,4170,7550,130,pax,b737.gif,Boeing,13.08,0.15,598688,350,2,4,2,7,PW JT8D-15A,13.08,958
B717-200,2238611,761,3815,6450,134,pax,b717.png,Boeing,8.64,0.11,235054,500,2,3,1,3,RR BR715-A1-30,8.64,761
B717-200,2238611,761,3815,6450,134,pax,b717.png,Boeing,8.46,0.11,235054,500,2,3,1,3,RR BR715-C1-30,8.46,761
B737-600,2460985,762,5648,7550,110,pax,b737.gif,Boeing,11.4,0.15,258404,480,2,3,1,4,CFM 56-7,11.4,762
B737-300,2464401,795,4707,7550,128,pax,b737.gif,Boeing,12.0,0.15,431270,360,2,4,2,6,CFM56-3,12.0,795
B737-700C,3118288,831,5490,7550,120,pax,b737.gif,Boeing,11.11,0.14,343012,480,2,2,2,3,CFM56-7,11.11,831
B737-400,3282313,733,4010,7550,159,pax,b737.gif,Boeing,14.0,0.18,541582,330,2,4,2,5,CFM-56-3B-2,14.0,733
B737-700,4085576,762,6230,7550,149,pax,b737.gif,Boeing,10.45,0.14,428986,500,2,4,2,3,CFM 56-7,10.45,762
B707,4169974,1006,9913,6450,144,pax,b707.png,Boeing,18.36,0.22,1355242,360,2,4,2,6,PW JT3D,18.36,1006
B737-800,4407858,725,7000,7550,184,pax,b737.gif,Boeing,9.4,0.12,462826,470,2,4,2,2,CFM56-7B27,9.4,725
B727-200,4883110,972,4450,6450,189,pax,b727-200.png,Boeing,15.15,0.19,1342856,340,3,8,2,5,JT8D-7,15.15,972
B737-900,5535200,836,3815,7550,177,pax,b737.gif,Boeing,10.1,0.12,387464,470,2,4,2,2,CFM56-7,10.1,836
B737-700ER,5656525,770,10200,7550,126,pax,b737.gif,Boeing,10.78,0.14,339392,460,2,2,2,3,CFM56-7B,10.78,770
B757-300,7002640,842,6421,7800,243,pax,b757.png,Boeing,15.81,0.21,735278,470,2,9,2,5,PW2037,15.81,842
B757-300,7002640,774,6421,7800,243,pax,b757.png,Boeing,15.3,0.21,735278,470,2,9,2,5,PW2040,15.3,774
B757-300,7002640,867,6421,7800,243,pax,b757.png,Boeing,18.36,0.21,735278,470,2,9,2,5,PW2043,18.36,867
B757-300,7002640,799,6421,7800,243,pax,b757.png,Boeing,17.0,0.21,735278,470,2,9,2,5,RR RB211,17.0,799
B767-200,7882711,1013,7300,7800,224,pax,b767.png,Boeing,18.19,0.21,1615956,320,2,7,2,4,CF6-80A,18.19,1013
B767-200,7882711,931,7300,7800,224,pax,b767.png,Boeing,17.68,0.21,1615956,320,2,7,2,4,CF6-80C3,17.68,931
B767-200,7882711,895,7300,7800,224,pax,b767.png,Boeing,15.81,0.21,1615956,320,2,7,2,4,JT9D-7R4,15.81,895
B767-200,7882711,950,7300,7800,224,pax,b767.png,Boeing,17.85,0.21,1615956,320,2,7,2,4,PW 4000,17.85,950
B737-900ER,9225912,831,5925,7550,215,pax,b737.gif,Boeing,11.11,0.14,1014850,500,2,5,2,2,CFM56-7,11.11,831
B757-200,9723701,842,7222,7800,200,pax,b757.png,Boeing,11.16,0.15,1798884,370,2,5,2,3,PW2037,11.16,842
B757-200,9723701,774,7222,7800,200,pax,b757.png,Boeing,10.8,0.15,1798884,370,2,5,2,3,PW2040,10.8,774
B757-200,9723701,867,7222,7800,200,pax,b757.png,Boeing,12.96,0.15,1798884,370,2,5,2,3,PW2043,12.96,867
B757-200,9723701,799,7222,7800,200,pax,b757.png,Boeing,12.0,0.15,1798884,370,2,5,2,3,RR RB211,12.0,799
B767-200ER,14114834,995,12200,7800,224,pax,b767.png,Boeing,16.32,0.2,2611244,350,2,7,2,4,GE CF6-80C2,16.32,995
B767-200ER,14114834,977,12200,7800,224,pax,b767.png,Boeing,17.6,0.2,2611244,350,2,7,2,4,PW4094,17.6,977
B737 MAX 7,17346513,881,6850,7300,160,pax,b737max.png,Boeing,7.21,0.09,693860,550,2,3,2,2,CFM LEAP-1B,7.21,881
B737 MAX 8,18011300,881,6500,7500,180,pax,b737max.png,Boeing,7.21,0.09,720452,520,2,3,2,2,CFM LEAP-1B,7.21,881
B737 MAX 9,18849600,881,7000,7550,200,pax,b737max.png,Boeing,7.21,0.09,753984,500,2,4,2,2,CFM LEAP-1B,7.21,881
B787-8,19411920,813,14500,9000,250,pax,b787.png,Boeing,14.4,0.2,1358834,450,2,8,2,2,GE GEnx,14.4,813
B787-8,19411920,822,14500,9000,250,pax,b787.png,Boeing,15.2,0.2,1358834,450,2,8,2,2,RR Trent 1000,15.2,822
B737 MAX 10,19649600,881,7000,7600,225,pax,b737max10.png,Boeing,7.21,0.1,800000,450,2,5,2,2,CFM LEAP-1B,7.21,881
B767-300,23356202,945,7300,7800,269,pax,b767.png,Boeing,20.33,0.24,4204116,390,2,9,2,5,CF6-80A,20.33,945
B767-300,23356202,868,7300,7800,269,pax,b767.png,Boeing,19.76,0.24,4204116,390,2,9,2,5,CF6-80C3,19.76,868
B767-300,23356202,834,7300,7800,269,pax,b767.png,Boeing,17.67,0.24,4204116,390,2,9,2,5,JT9D-7R4,17.67,834
B767-300,23356202,885,7300,7800,269,pax,b767.png,Boeing,19.95,0.24,4204116,390,2,9,2,5,PW 4000,19.95,885
B767-300ER,33435451,928,11065,7800,269,pax,b767.png,Boeing,20.4,0.25,5349672,370,2,9,2,5,GE CF6-80C2,20.4,928
B767-300ER,33435451,911,11065,7800,269,pax,b767.png,Boeing,22.0,0.25,5349672,370,2,9,2,5,PW4094,22.0,911
B767-300ER,33435451,936,11065,7800,269,pax,b767.png,Boeing,20.2,0.25,5349672,370,2,9,2,5,RR RB211-524H,20.2,936
B767-400ER,33694208,928,10415,7800,304,pax,b767.png,Boeing,21.42,0.26,5391074,360,2,10,2,5,GE CF6-80C2,21.42,928
B767-400ER,33694208,911,10415,7800,304,pax,b767.png,Boeing,23.1,0.26,5391074,360,2,10,2,5,PW4094,23.1,911
B747SP,40824000,980,10800,7545,350,pax,b747sp.png,Boeing,20.24,0.26,3878280,400,3,11,2,6,PW JT9D7A,20.24,980
B747SP,40824000,970,10800,7545,350,pax,b747sp.png,Boeing,20.24,0.26,3878280,400,3,11,2,6,PW JT9D7F,20.24,970
B747SP,40824000,990,10800,7545,350,pax,b747sp.png,Boeing,21.78,0.26,3878280,400,3,11,2,6,JT9D-7R4,21.78,990
B747SP,40824000,980,10800,7545,350,pax,b747sp.png,Boeing,21.12,0.26,3878280,400,3,11,2,6,PW 4000,21.12,980
B747-100,44393752,938,9800,10250,366,pax,b747-100.png,Boeing,23.32,0.28,11320406,370,3,11,2,8,GE CF645A2,23.32,938
B747-100,44393752,875,9800,10250,366,pax,b747-100.png,Boeing,20.24,0.28,11320406,370,3,11,2,8,PW JT9D7A,20.24,875
B747-100,44393752,866,9800,10250,366,pax,b747-100.png,Boeing,20.24,0.28,11320406,370,3,11,2,8,PW JT9D7F,20.24,866
B747-200B,57530678,839,12700,10250,366,pax,b747-200b.png,Boeing,21.34,0.28,14095016,360,3,11,2,8,CF6-50E2,21.34,839
B747-200B,57530678,822,12700,10250,366,pax,b747-200b.png,Boeing,21.34,0.28,14095016,360,3,11,2,8,JT9D-7R4J2,21.34,822
B747-200B,57530678,822,12700,10250,366,pax,b747-200b.png,Boeing,21.34,0.28,14095016,360,3,11,2,8,RB211-524D4,21.34,822
B777-200,60803647,815,9695,9000,400,pax,b777-200.png,Boeing,17.46,0.22,7296438,470,2,11,3,3,GE90-77B,17.46,815
B777-200,60803647,824,9695,9000,400,pax,b777-200.png,Boeing,17.82,0.22,7296438,470,2,11,3,3,PW 4077,17.82,824
B777-200,60803647,950,9695,9000,400,pax,b777-200.png,Boeing,18.54,0.22,7296438,470,2,11,3,3,Trent 877,18.54,950
B747-300,63231515,884,12400,10250,412,pax,b747-300.png,Boeing,20.68,0.28,12330146,370,3,13,4,6,CF6-80C2B1,20.68,884
B747-300,63231515,973,12400,10250,412,pax,b747-300.png,Boeing,22.66,0.28,12330146,370,3,13,4,6,JT9D-7R4G2,22.66,973
B747-300,63231515,822,12400,10250,412,pax,b747-300.png,Boeing,21.34,0.28,12330146,370,3,13,4,6,RB211-524D4,21.34,822
B777-200LR,65912406,878,14500,11000,300,pax,b777-200.png,Boeing,17.86,0.24,4284306,490,2,10,2,3,GE90-110B,17.86,878
B777-200LR,65912406,986,14500,11000,300,pax,b777-200.png,Boeing,19.19,0.24,4284306,490,2,10,2,3,GE90-115B,19.19,986
B777-300ER,68243786,1036,14685,11000,350,pax,b777.png,Boeing,19.19,0.24,5800722,460,2,11,2,3,GE90-115B,19.19,1036
B787-9,69997851,813,14500,9000,290,pax,b787.png,Boeing,14.4,0.2,4899850,500,2,10,2,2,GE GEnx,14.4,813
B787-9,69997851,822,14500,9000,290,pax,b787.png,Boeing,15.2,0.2,4899850,500,2,10,2,2,RR Trent 1000,15.2,822
B747-400C,72722924,819,13360,10250,410,pax,b747.png,Boeing,19.32,0.26,10908438,370,3,13,4,5,CF6-80C2B5F,19.32,819
B747-400C,72722924,883,13360,10250,410,pax,b747.png,Boeing,20.16,0.26,10908438,370,3,13,4,5,PW4062,20.16,883
B747-400C,72722924,1010,13360,10250,410,pax,b747.png,Boeing,22.05,0.26,10908438,370,3,13,4,5,RB211-524H2-T,22.05,1010
B787-10,72795638,860,12000,8000,440,pax,b787-10.png,Boeing,18.62,0.21,6915586,400,3,11,3,10,General Electric GEnx,18.62,860
B787-10,72795638,860,12000,8000,440,pax,b787-10.png,Boeing,18.05,0.21,6915586,400,3,11,3,10,RR Trent 1000,18.05,860
B777-8X,77983382,951,16100,9000,350,pax,b777.png,Boeing,19.6,0.25,3119336,500,2,15,6,16,GE9X,19.6,951
B747-400D,80125136,846,2905,10250,568,pax,b747.png,Boeing,20.24,0.28,11217520,500,3,14,6,5,CF6-80C2B1F,20.24,846
B747-400D,80125136,1010,2905,10250,568,pax,b747.png,Boeing,23.98,0.28,11217520,500,3,14,6,5,PW 4062,23.98,1010
B777-200ER,84172921,842,14260,11000,400,pax,b777-200.png,Boeing,17.67,0.24,9259022,480,2,11,3,3,GE90-94B,17.67,842
B777-200ER,84172921,860,14260,11000,400,pax,b777-200.png,Boeing,17.86,0.24,9259022,480,2,11,3,3,PW 4090,17.86,860
B777-200ER,84172921,1014,14260,11000,400,pax,b777-200.png,Boeing,19.19,0.24,9259022,480,2,11,3,3,Trent 895,19.19,1014
B777-300,89987157,878,11135,9000,451,pax,b777.png,Boeing,17.67,0.24,9898588,450,2,13,5,3,GE90-94B,17.67,878
B777-300,89987157,824,11135,9000,451,pax,b777.png,Boeing,19.0,0.24,9898588,450,2,13,5,3,PW 4098,19.0,824
B777-300,89987157,833,11135,9000,451,pax,b777.png,Boeing,18.62,0.24,9898588,450,2,13,5,3,Trent 892,18.62,833
B777-9X,91150989,931,14500,9000,406,pax,b777.png,Boeing,21.56,0.28,3646040,540,2,15,6,16,GE9X,21.56,931
B747-400,92136845,947,14500,10250,416,pax,b747.png,Boeing,21.21,0.18,14281210,330,2,13,4,4,GE CF-6-80C2b5F,21.21,947
B747-400,92136845,982,14500,10250,416,pax,b747.png,Boeing,22.89,0.18,14281210,330,2,13,4,4,PW 4056,22.89,982
B747-400,92136845,866,14500,10250,416,pax,b747.png,Boeing,20.16,0.18,14281210,330,2,13,4,4,PW 4062,20.16,866
B747-400,92136845,884,14500,10250,416,pax,b747.png,Boeing,20.79,0.18,14281210,330,2,13,4,4,RR RB211-524,20.79,884
B747-400ER,97556659,804,14500,10250,416,pax,b747.png,Boeing,19.32,0.26,8292316,450,2,13,4,5,GE CF-6-80C2B5F,19.32,804
B747-400ER,97556659,866,14500,10250,416,pax,b747.png,Boeing,20.16,0.26,8292316,450,2,13,4,5,PW 4062,20.16,866
B747-8,121097727,1097,14815,10250,467,pax,b747.png,Boeing,21.84,0.26,8476840,500,2,13,6,5,GEnx-2B67,21.84,1097
B777-300LR,131844032,1026,14500,11000,451,pax,b777.png,Boeing,21.63,0.26,10547522,460,2,13,5,3,GE 90-110B1,21.63,1026
B727-200F,6766000,728,4400,6450,39800,cargo,b727-200.png,Boeing,31.28,0.21,803960,400,3,2,2,2,P&W JT8D-15,31.28,728
B727-200F,6766000,752,4400,6450,39800,cargo,b727-200.png,Boeing,34.0,0.21,803960,400,3,2,2,2,P&W JT8D-17,34.0,752
B727-200F,6766000,896,4400,6450,39800,cargo,b727-200.png,Boeing,35.36,0.21,803960,400,3,2,2,2,P&W JT8D-7,35.36,896
B727-200F,6766000,896,4400,6450,39800,cargo,b727-200.png,Boeing,35.7,0.21,803960,400,3,2,2,2,P&W JT8D-9,35.7,896
B-377SG,7103144,425,3219,10000,54500,cargo,b-377sg.png,Boeing,34.96,0.24,1100900,400,2,2,2,2,Allison 501-D22C,34.96,425
B757-200F,22546869,927,5834,7800,127480,cargo,b757.png,Boeing,33.92,0.22,2575096,400,2,2,1,2,PW2037,33.92,927
B757-200F,22546869,774,5834,7800,127480,cargo,b757.png,Boeing,28.8,0.22,2575096,400,2,2,1,2,PW2040,28.8,774
B757-200F,22546869,867,5834,7800,127480,cargo,b757.png,Boeing,34.56,0.22,2575096,400,2,2,1,2,PW2043,34.56,867
B757-200F,22546869,799,5834,7800,127480,cargo,b757.png,Boeing,32.0,0.22,2575096,400,2,2,1,2,RR RB211,32.0,799
B767-300F,50654635,766,2410,7800,220000,cargo,b767.png,Boeing,33.67,0.22,4444000,400,2,2,1,1,CF6-80C2,33.67,766
B767-300F,50654635,936,2410,7800,220000,cargo,b767.png,Boeing,37.37,0.22,4444000,400,2,2,1,1,PW4000-94,37.37,936
B767-300F,50654635,936,2410,7800,220000,cargo,b767.png,Boeing,37.37,0.22,4444000,400,2,2,1,1,RR RB211-524H,37.37,936
B777 Freighter,105984326,932,9070,9000,285000,cargo,b777f.png,Boeing,35.64,0.19,5757000,400,2,2,1,1,GE90-110B1,35.64,932
B747-400F,126598733,811,8230,10250,300000,cargo,b747f.png,Boeing,35.88,0.2,6060000,400,2,2,2,1,CF6-80C2B5F,35.88,811
B747-400F,126598733,874,8230,10250,300000,cargo,b747f.png,Boeing,37.44,0.2,6060000,400,2,2,2,1,PW4062,37.44,874
B747-400F,126598733,1009,8230,10250,300000,cargo,b747f.png,Boeing,39.78,0.2,6060000,400,2,2,2,1,RB211-524,39.78,1009
B747-8F,135498765,1002,14815,10250,303700,cargo,b747.png,Boeing,26.0,0.2,6134740,400,2,1,1,1,GEnx-2B67,26.0,1002
Jetstream 31,323000,405,1260,2000,19,pax,jet31.png,British Aerospace,16.83,0.21,13976,320,2,1,1,2,Garrett TPE331-10UG turboprop,16.83,405
Jetstream 41,510000,541,1433,2000,30,pax,jet41.png,British Aerospace,14.4,0.2,11580,470,2,2,1,2,AlliedSignal TPE331-14GR/HR,14.4,541
BAe 146-300,527912,702,2400,3921,112,pax,bae146.png,British Aerospace,17.67,0.24,50152,400,2,4,2,3,Honeywell ALF 502R-5,17.67,702
BAe146,762450,675,2000,6500,85,pax,bae146.png,British Aerospace,9.3,0.12,137242,330,2,2,1,1,Honeywell ALF 502R-5,9.3,675
Beechcraft 1900D,111024,470,2776,4500,19,pax,beech1900.png,Beechcraft,13.65,0.19,15544,490,2,1,1,1,PW PT6A-67D,13.65,470
Beechcraft 1900,119896,500,2907,4500,19,pax,beech1900.png,Beechcraft,9.36,0.11,21582,380,2,1,1,1,PW PT6A-67,9.36,500
King Air 350i,187000,626,3340,3300,11,pax,kingair.png,Beechcraft,16.16,0.15,17766,400,2,1,1,1,Pratt & Whitney Canada PT6A-66,16.16,626
Beechcraft 1900C,323000,621,2500,4500,19,pax,beech1900.png,Beechcraft,16.96,0.2,14346,450,2,1,1,1,PW PT6A-65B,16.96,621
Beechcraft 1900C,323000,553,2500,4500,19,pax,beech1900.png,Beechcraft,15.2,0.2,14346,450,2,1,1,1,PW PT6A-65,15.2,553
Spacejet M90,3387562,1123,3770,5710,92,pax,spacejet.png,Other,12.36,0.12,20748122,400,2,5,2,2,PW1715G,12.36,1123
Spacejet M100,5071399,1123,3540,5770,88,pax,spacejet.png,Other,13.39,0.14,17201782,400,2,5,2,2,PW1715G,13.39,1123
4-0-4,680000,467,1800,1980,40,pax,martin404.png,Other,14.88,0.15,64600,400,2,4,2,2,PW R-2800-CB16,14.88,467
2-0-2,680000,510,2900,1565,40,pax,martin202.png,Other,19.57,0.16,64600,400,2,4,2,1,PW R-2800-CA18,19.57,510
MC-21-200,4522716,1096,5000,6400,162,pax,mc-21.png,Other,14.42,0.13,429658,400,2,7,3,3,PW1400G,14.42,1096
MC-21-300,4552276,1096,5000,6400,198,pax,mc-21.png,Other,17.51,0.14,432466,400,2,8,3,3,PW1400G,17.51,1096
MC-21-400,5204503,1096,5500,6800,230,pax,mc-21.png,Other,19.57,0.16,494428,400,2,9,4,4,PW1400G,19.57,1096
Viscount,927749,491,3040,5280,75,pax,viscount.png,Other,25.0,0.22,21636,400,2,6,2,2,RR Dart 510,25.0,491
328-100,561000,639,1310,4485,33,pax,328-100.png,Other,12.6,0.19,53296,400,2,4,1,2,PW119B,12.6,639
328-310JET,561000,710,1980,4485,33,pax,328jet.png,Other,12.74,0.22,53296,400,2,4,1,2,PW306B,12.74,710
428JET,748000,710,1665,4530,44,pax,328jet.png,Other,14.56,0.24,71060,400,2,5,2,2,PW306B,14.56,710
Dassault Mercure,8434010,833,1700,2000,150,pax,mercure.png,Other,15.22,0.25,41230,400,2,4,2,1,PWJT9D-25W,15.22,833
Falcon 2000LX,1104727,1096,7400,5436,19,pax,falcon2000lx.png,Other,23.1,0.22,4759950,400,2,2,1,1,PW308C,23.1,1096
Falcon 2000,1393600,1040,5790,5436,19,pax,falcon2000.png,Other,18.62,0.2,4312392,400,2,2,1,1,GE CFE738-1-1B,18.62,1040
CV-880,1096733,976,4636,8050,110,pax,cv.png,Other,21.12,0.22,104190,400,2,4,2,3,GE CJ-805-3,21.12,976
CV-880,1096733,1029,4636,8050,110,pax,cv.png,Other,22.66,0.22,104190,400,2,4,2,3,GE CJ-805-3B,22.66,1029
CV-990A,6211896,999,5785,5350,149,pax,cv.png,Other,23.04,0.25,26240130,400,2,5,2,3,GE CJ-805-23B,23.04,999
