1,b744,Boeing,B747-400,4,PW4056,22.89,982,0.26,92136845,416,10250,14500,7140605,330,2,13,4,4,0
2,a388,Airbus,A380-800,7,RR Trent 972,22.26,1048,0.26,215629503,600,9680,14500,6468885,450,2,18,6,16,0
3,b738,Boeing,B737-800,8,CFM56-7B27,9.4,725,0.12,4407858,184,7550,7000,231413,470,2,4,2,2,0
4,a3192,Airbus,A319-200,10,CFM56-5,8.4,834,0.1,5093525,117,6850,7000,292878,470,2,3,2,2,0
5,a322,Airbus,A320-200,10,CFM56-5,11.55,880,0.14,6770196,164,7000,5700,524690,360,2,4,2,2,0
6,md80,McDonnell Douglas,MD80,12,P&W JT8D-219,17.44,867,0.2,2161616,130,2000,6000,210758,340,2,4,2,3,0
7,a333,Airbus,A330-300,15,RR Trent 700,19.26,958,0.22,43330073,335,9090,10000,3033105,450,2,11,2,2,0
8,a343,Airbus,A340-300,19,CFM56-5C4P,21.4,1003,0.25,55469568,335,10200,14000,3605522,470,2,10,2,2,0
9,crj200,Bombardier,CRJ 200,20,GE CF34-3B1,6.72,801,0.09,621621,50,2000,3500,41959,450,2,2,1,1,0
10,bae146,British Aerospace,BAe146,21,Honeywell ALF 502R-5,9.3,675,0.12,762450,85,6500,2000,68621,330,2,2,1,1,0
11,challenger300,Bombardier,Challenger 300,22,GE CF34-3A,10.1,944,0.12,223915,16,3500,3000,8397,480,2,1,1,1,0
12,c172,Cessna,Cessna 172,23,Lycomming IO-360-L2A,3.76,221,0.05,51000,3,2500,1000,2341,400,1,0,1,1,0
13,b752,Boeing,B757-200,27,PW2043,12.96,867,0.15,9723701,200,7800,7222,899442,370,2,5,2,3,0
14,concorde,Aerospatiale,Concorde,28,RR/SNECMA Olympus 593 MK610 Afterburning,48.88,1932,0.65,407808000,120,11800,7500,43839360,330,4,15,2,25,0
15,b772lr,Boeing,B777-200LR,30,GE90-115B,19.19,986,0.24,65912406,300,11000,14500,2142153,490,2,10,2,3,0
16,a3212,Airbus,A321-200,10,CFM56-5,18.9,834,0.15,8154432,220,7250,6000,509652,500,2,4,2,2,0
17,b788,Boeing,B787-8,31,RR Trent 1000,15.2,821,0.2,19411920,250,9000,14500,679417,450,2,8,2,2,0
18,legacy60,Embraer,Legacy 600,33,RR AE3007,8,783,0.1,360159,13,2000,6060,17108,490,2,1,1,1,0
19,erj191ar,Embraer,ERJ 190-100AR,34,GE CF34-10E,10.1,870,0.12,2472381,110,2000,4448,86533,490,2,2,1,1,0
20,a346,Airbus,A340-600,35,RR Trent 556,20.68,870,0.28,69887329,380,10200,14630,3144930,460,2,11,2,2,0
21,b762er,Boeing,B767-200ER,37,GE CF6-80C2,16.32,995,0.2,14114834,224,7800,12200,1305622,350,2,7,2,4,0
22,atr7250,Aerospatiale,ATR 72-500,38,PW127M,11.44,552,0.14,365902,64,6500,1650,20125,480,2,2,1,1,0
23,atr4250,Aerospatiale,ATR 42-500,39,PW127E,14.88,550,0.2,122750,50,6500,1611,10741,340,2,2,1,1,0
24,md11,McDonnell Douglas,MD-11,40,PW4460,24.48,928,0.3,57269139,410,2000,12655,4724704,370,3,13,4,5,0
25,dhc8q4,Bombardier,DHC-8-Q400,43,PW150A,9.9,733,0.11,804752,70,2000,2522,38226,480,2,2,1,2,0
26,sj1095,Sukhoi,Superjet 100-95,44,SaM146,9.63,839,0.11,1610270,98,2000,2950,32205,500,2,2,1,2,0
27,b722,Boeing,B727-200,45,JT8D-7,15.15,972,0.19,4883110,189,6450,4450,671428,340,3,8,2,5,0
28,a359,Airbus,A350-900,46,RR Trent XWB,15.98,859,0.21,70503048,314,8760,14500,1410061,550,2,10,2,3,0
29,tu154,Tupolev,Tu-154,47,Soloviev D-30KU-154,14.88,893,0.2,5107721,180,2000,5280,600157,390,3,8,2,4,0
30,l10112,Lockheed,L-1011-200,48,RR RB211-524B,17.28,837,0.22,24777200,263,2000,7420,2663549,370,3,9,2,4,0
31,b773er,Boeing,B777-300ER,30,GE90-115B,19.19,1035,0.24,68243786,350,11000,14685,2900361,460,2,11,2,3,0
32,b753,Boeing,B757-300,27,PW2043,18.36,867,0.21,7002640,243,7800,6421,367639,470,2,9,2,5,0
33,a3181,Airbus,A318-100,10,CFM56-5,8.4,834,0.1,4380431,117,6500,6020,175217,450,2,3,2,3,0
34,b731,Boeing,B737-100,45,JT8D-7,12.12,795,0.15,1514699,118,7550,3440,193124,360,2,4,2,7,0
35,b748,Boeing,B747-8,50,GEnx-2B67,21.84,1096,0.26,121097727,467,10250,14815,4238420,500,2,13,6,5,0
36,b763er,Boeing,B767-300ER,51,RR RB211-524H,20.2,936,0.25,33435451,269,7800,11065,2674836,370,2,9,2,5,0
37,b764er,Boeing,B767-400ER,37,GE CF6-80C2,21.42,927,0.26,33694208,304,7800,10415,2695537,360,2,10,2,5,0
38,a332,Airbus,A330-200,15,RR Trent 700,18.19,958,0.21,43631874,253,9090,12500,2290673,460,2,8,2,4,0
39,a342,Airbus,A340-200,17,CFM56-5C3,18.18,949,0.22,15688189,239,9810,14800,1019732,500,2,8,2,5,0
40,a345,Airbus,A340-500,52,RR Trent 553,17.1,861,0.24,66262163,313,10200,14500,2816142,480,2,10,2,4,0
41,b737,Boeing,B737-700,53,CFM 56-7,10.45,761,0.14,4085576,149,7550,6230,214493,500,2,4,2,3,0
42,b737er,Boeing,B737-700ER,54,CFM56-7B,10.78,770,0.14,5656525,126,7550,10200,169696,460,2,2,2,3,0
43,b737c,Boeing,B737-700C,55,CFM56-7,11.11,831,0.14,3118288,120,7550,5940,171506,480,2,2,2,3,0
44,b734,Boeing,B737-400,56,CFM-56-3B-2,14,733,0.18,3282313,159,7550,4010,270791,330,2,4,2,5,0
45,b735,Boeing,B737-500,57,CFM-56-3B-1,11.7,717,0.16,1856353,123,7550,4449,148508,370,2,5,2,6,0
46,b736,Boeing,B737-600,53,CFM 56-7,11.4,761,0.15,2460985,110,7550,5648,129202,480,2,3,1,4,0
47,a3b22,Airbus,A300B2-200,58,CF6-50C,19.08,863,0.22,11605297,269,7625,3430,1305596,350,3,9,2,5,0
48,b739er,Boeing,B737-900ER,55,CFM56-7,11.11,831,0.14,9225912,215,7550,5925,507425,500,2,5,2,2,0
49,a3b42,Airbus,A300B4-200,58,CF6-50C,19.08,863,0.22,21315852,269,7625,6300,1971716,330,3,9,2,5,0
50,b739,Boeing,B737-900,55,CFM56-7,10.1,836,0.12,5535200,177,7550,3815,193732,470,2,4,2,2,0
51,a306,Airbus,A300-600,63,PW-4158,17.17,980,0.21,24683135,267,7625,6670,2098066,330,2,9,2,5,0
52,a306r,Airbus,A300-600R,60,CF6-80C2A1,18.02,962,0.21,27773153,267,7625,7505,2152419,370,2,9,2,6,0
53,a312,Airbus,A310-200,66,JT9D-7R4D1,17.28,935,0.2,27466560,280,7000,6800,2540657,340,2,10,2,5,0
,,,,,,,,,,,,,,,,,,,
55,a313,Airbus,A310-300,66,JT9D-7R4D1,17.28,935,0.2,38776320,280,6000,9600,3295987,340,2,9,2,5,0
56,il1141,Ilyushin,Il-114-100,72,N/A,9.6,465,0.12,382720,64,2000,2000,20093,470,2,2,1,2,0
,,,,,,,,,,,,,,,,,,,
58,a358,Airbus,A350-800,46,RR Trent XWB,15.98,859,0.21,62240270,270,8760,14500,1400406,530,2,9,2,3,0
59,a359r,Airbus,A350-900R,46,RR Trent XWB,15.98,859,0.21,82723576,314,8760,14500,1654472,520,2,10,2,3,0
60,a351,Airbus,A350-1000,46,RR Trent XWB,15.98,859,0.21,77538384,350,8760,14800,1550768,500,2,11,2,3,0
61,b741,Boeing,B747-100,77,GE CF645A2,23.32,937,0.28,44393752,366,10250,9800,5660203,370,3,11,2,8,0
62,b742b,Boeing,B747-200B,79,CF6-50E2,21.34,839,0.28,57530678,366,10250,12700,7047508,360,3,11,2,8,0
63,b743,Boeing,B747-300,81,JT9D-7R4G2,22.66,973,0.28,63231515,412,10250,12400,6165073,370,3,13,4,6,0
64,b744er,Boeing,B747-400ER,1,PW4062,20.16,866,0.26,97556659,416,10250,14500,4146158,450,2,13,4,5,0
,,,,,,,,,,,,,,,,,,,
,,,,,,,,,,,,,,,,,,,
67,b789,Boeing,B787-9,31,RR Trent 1000,15.2,821,0.2,69997851,290,9000,14500,2449925,500,2,10,2,2,0
68,b744c,Boeing,B747-400C,89,RB211-524H2-T,22.05,1010,0.26,72722924,410,10250,13360,5454219,370,3,13,4,5,0
69,b744d,Boeing,B747-400D,90,PW 4062,23.98,1010,0.28,80125136,568,10250,2905,5608760,500,3,14,6,5,0
,,,,,,,,,,,,,,,,,,,
71,b762,Boeing,B767-200,94,CF6-80A,18.19,1013,0.21,7882711,224,7800,7300,807978,320,2,7,2,4,0
72,b763,Boeing,B767-300,94,CF6-80A,20.33,944,0.24,23356202,269,7800,7300,2102058,390,2,9,2,5,0
73,b772,Boeing,B777-200,98,Trent 877,18.54,950,0.22,60803647,400,9000,9695,3648219,470,2,11,3,3,0
74,b772er,Boeing,B777-200ER,101,Trent 895,19.19,1013,0.24,84172921,400,11000,14260,4629511,480,2,11,3,3,0
75,b773,Boeing,B777-300,105,GE 90-94B,17.67,877,0.24,89987157,451,9000,11135,4949294,450,2,13,5,3,0
76,b773lr,Boeing,B777-300LR,106,GE 90-110B1,21.63,1026,0.26,131844032,451,11000,14500,5273761,460,2,13,5,3,0
,,,,,,,,,,,,,,,,,,,
,,,,,,,,,,,,,,,,,,,
,,,,,,,,,,,,,,,,,,,
,,,,,,,,,,,,,,,,,,,
,,,,,,,,,,,,,,,,,,,
,,,,,,,,,,,,,,,,,,,
,,,,,,,,,,,,,,,,,,,
,,,,,,,,,,,,,,,,,,,
85,an10,Antonov,An-10,112,Ivchenko AI-20,14.98,727,0.18,1104705,100,6500,4075,165706,370,3,3,1,5,0
86,an10a,Antonov,An-10A,112,Ivchenko AI-20,14.98,727,0.18,1215176,110,6500,4075,182276,350,3,3,1,5,0
87,an12,Antonov,An-12,114,AI-20M,13.02,663,0.18,1192364,124,6500,3600,178855,350,5,3,2,5,0
,,,,,,,,,,,,,,,,,,,
89,arj217,COMAC,ARJ21-700,116,General Electric CF34-10A,9.27,929,0.11,1028514,78,7500,2200,20570,510,2,3,1,2,0
90,arj219,COMAC,ARJ21-900,116,General Electric CF34-10A,10.3,929,0.12,1130706,98,7900,2200,22614,510,2,2,1,3,0
91,arj217er,COMAC,ARJ21-700ER,116,General Electric CF34-10A,10.3,929,0.12,1513551,78,7800,3700,30271,510,2,2,1,3,0
92,b1900d,Beechcraft,Beechcraft 1900D,117,PW PT6A-67D,13.65,470,0.19,111024,19,4500,2776,7772,490,2,1,1,1,0
93,b1900c,Beechcraft,Beechcraft 1900C,119, PW PT6A-65B,16.96,621,0.2,323000,19,4500,2500,7173,450,2,1,1,1,0
94,b1900,Beechcraft,Beechcraft 1900,120,PW PT6A-67,9.36,499,0.11,119896,19,4500,2907,10791,380,2,1,1,1,0
95,ccx,Cessna,Citation X,121,RR/Allison AE 3007C1,7.68,947,0.1,378968,12,4000,6020,29370,360,2,1,1,2,0
96,jet31,British Aerospace,Jetstream 31,122,Garrett TPE331-10UG turboprop,16.83,404,0.21,323000,19,2000,1260,6988,320,2,1,1,2,0
97,jet41,British Aerospace,Jetstream 41,123,AlliedSignal TPE331-14GR/HR ,14.4,540,0.2,510000,30,2000,1433,5790,470,2,2,1,2,0
,,,,,,,,,,,,,,,,,,,
99,jetstar,Lockheed,L-1329 JetStar,126,Garrett AiResearch TFE-731-3,9.09,956,0.11,132130,10,2000,4585,20480,320,2,1,1,3,0
100,supercon,Lockheed,L-1049G Super Constellation,127,Wright R-3350-DA3 Turbo Compound,25.2,596,0.3,1802354,95,2000,8700,306400,390,4,2,1,4,0
101,electra,Lockheed,L-188 Electra,128,Allison 501-D13,12.48,593,0.16,1242421,127,2000,3450,186363,390,3,3,2,5,0
102,learjet25b,Bombardier,Learjet 25B,130,GE CJ610-8,7.42,955,0.09,137633,8,2000,2684,16860,320,2,1,1,2,0
103,f70,Fokker,Fokker 70,131,RR Tay Mk.620,9.45,817,0.11,725120,70,2000,2040,43507,490,2,2,1,2,0
104,f70a,Fokker,Fokker 70A,131,RR Tay Mk.620,9.45,817,0.11,828709,80,2000,2040,51794,490,2,2,1,2,0
105,f50,Fokker,Fokker 50,132,PW125B,6.79,623,0.09,718458,58,2000,2055,57477,380,2,2,1,3,0
106,saab20,Saab,2000,133,RR AE 2100,6.42,736,0.08,1033701,58,2000,2185,64606,460,2,2,1,2,0
107,b732,Boeing,B737-200,134,PW JT8D-15A,13.08,957,0.15,2217362,130,7550,4170,299344,350,2,4,2,7,0
108,b733,Boeing,B737-300,135, CFM56-3       ,12,795,0.15,2464401,128,7550,4707,215635,360,2,4,2,6,0
109,dc1010,McDonnell Douglas,DC-10-10,136,GE CF6-6D,20.33,1007,0.24,6806411,250,2000,6436,816769,360,3,8,2,5,0
110,dc1015,McDonnell Douglas,DC-10-15,137,GE CF6-50C2F,16.74,853,0.22,24540516,260,2000,7000,2331349,320,2,9,2,4,0
111,dc1030,McDonnell Douglas,DC-10-30,138,GE CF6-50C,19.4,871,0.25,36409376,320,2000,9493,4278102,400,3,10,2,5,0
112,dc1040,McDonnell Douglas,DC-10-40,140, PWJT9D-25W,21.2,971,0.25,46926501,360,2000,9322,5396548,330,3,11,2,5,0
113,dhc8q1,Bombardier,DHC-8-100,142,PW120A,16.96,505,0.2,127710,37,2000,1889,11175,380,2,1,1,2,0
114,dhc8q2,Bombardier,DHC-8-Q200,144,PW123C,17.51,585,0.21,124381,37,2000,1713,7463,480,2,1,1,2,0
115,dhc8q3,Bombardier,DHC-8-Q300,146,PW123B,13.86,512,0.18,180374,50,2000,1558,13528,370,2,2,1,2,0
116,crj200lr,Bombardier,CRJ 200LR,20,GE CF34-3B1,6.72,801,0.09,659451,50,2000,3713,37918,470,2,1,1,2,0
117,crj100,Bombardier,CRJ 100,147,GE CF34-3A1,7.56,839,0.09,416025,50,4500,2417,28082,470,2,1,1,2,0
118,crj100er,Bombardier,CRJ 100ER,147,GE CF34-3A1,7.56,839,0.09,526012,50,4500,3056,35506,470,2,1,1,2,0
119,crj100lr,Bombardier,CRJ 100LR,147,GE CF34-3A1,7.56,839,0.09,638581,50,2000,3710,43104,490,2,1,1,2,0
120,emb120,Embraer,EMB 120,149,PWII8B,14.98,574,0.18,134440,30,2000,1481,11427,390,2,1,1,2,0
,,,,,,,,,,,,,,,,,,,
,,,,,,,,,,,,,,,,,,,
,,,,,,,,,,,,,,,,,,,
124,xingu,Embraer,EMB 121 Xingu I,154,PW PT6A-28,7.76,328,0.1,85000,5,2000,2352,3294,350,2,1,1,1,0
,,,,,,,,,,,,,,,,,,,
126,erj135er,Embraer,ERJ 135ER,156,RR AE-3007A1/3,9.54,910,0.11,352585,37,2000,2650,19392,460,2,2,1,2,0
127,erj135lr,Embraer,ERJ 135LR,156,RR AE-3007A1/3,7.42,910,0.09,417514,37,2000,3138,24007,450,2,2,1,2,0
128,erj140lr,Embraer,ERJ 140LR,156,RR AE-3007A1/3,7.42,910,0.09,477675,44,2000,3019,26272,450,2,2,1,2,0
129,erj145er,Embraer,ERJ 145ER,157,RR AE-3007A,7.35,866,0.09,442288,50,2000,2445,24326,450,2,2,1,2,0
130,erj145lr,Embraer,ERJ 145LR,158,RR AE-3007A1,7.14,882,0.09,519169,50,2000,2870,29852,460,2,2,1,2,0
131,erj145xr,Embraer,ERJ 145XR,159,RR AE-3007A1E,5.15,909,0.06,1129212,50,2000,3705,62107,490,2,2,1,2,0
132,erj171,Embraer,ERJ 170-100,160,GE CF34-8E,8.48,890,0.1,1839550,80,2000,3334,78181,460,2,2,1,2,0
133,erj171lr,Embraer,ERJ 170-100LR,160,GE CF34-8E,8.48,890,0.1,2145774,80,2000,3889,80467,470,2,2,1,2,0
134,erj171ar,Embraer,ERJ 170-100AR,160,GE CF34-8E,7.42,890,0.09,2512492,78,2000,3892,69094,500,2,2,1,1,0
135,erj172,Embraer,ERJ 170-200,160,GE CF34-8E,9.54,890,0.11,1734433,88,2000,3334,69377,470,2,2,1,2,0
136,erj172lr,Embraer,ERJ 170-200LR,160,GE CF34-8E,9.54,890,0.11,2023158,88,2000,3889,80926,470,2,2,1,2,0
137,erj172ar,Embraer,ERJ 170-200AR,160,GE CF34-8E,8.48,890,0.1,2172603,85,2000,3706,81473,460,2,2,1,1,0
138,erj191,Embraer,ERJ 190-100,34,GE CF34-10E,10.1,870,0.12,1853174,110,2000,3334,64861,470,2,2,1,2,0
139,erj191lr,Embraer,ERJ 190-100LR,34,GE CF34-10E,10.1,870,0.12,2367883,110,2000,4260,76956,490,2,2,1,2,0
140,erj192,Embraer,ERJ 190-200,34,GE CF34-10E,10.1,870,0.12,1598528,122,2000,2593,59945,500,2,2,2,2,0
141,erj192lr,Embraer,ERJ 190-200LR,34,GE CF34-10E,10.1,870,0.12,2055338,122,2000,3334,61660,490,2,2,2,2,0
142,erj192ar,Embraer,ERJ 190-200AR,34,GE CF34-10E,9.09,870,0.11,2825347,120,2000,4077,84760,500,2,2,2,1,0
143,lineage1000,Embraer,Lineage 1000,161,GE CF34-10E7B,10.9,923,0.12,385854,19,2000,8344,9646,470,3,2,1,2,0
144,legacy50,Embraer,Legacy 500,162,HTF7500E,7.6,836,0.1,128115,8,2000,5186,2562,510,2,1,1,1,0
145,legacy45,Embraer,Legacy 450,162,HTF7500E,7.6,836,0.1,110501,7,2000,4260,2210,520,2,1,1,1,0
146,phenom1,Embraer,Phenom 100,163,PW617F-E,7.2,707,0.1,68000,4,2000,2182,950,490,2,1,1,1,0
147,phenom3,Embraer,Phenom 300,164,PW 535,8.72,850,0.1,102000,6,2000,3334,1829,460,2,1,1,1,0
148,challenger600,Bombardier,Challenger 600,165,ALF-502L,6.3,863,0.09,439374,19,3500,5925,42839,370,2,1,1,2,0
149,challenger601,Bombardier,Challenger 601,22,GE CF34-3A,6.06,944,0.08,552716,19,3500,6236,51126,350,2,1,1,2,0
150,challenger604,Bombardier,Challenger 604,166,GE CF-34-3B,4.6,799,0.06,1143957,19,3780,9680,65778,450,2,1,1,1,0
151,challenger605,Bombardier,Challenger 605,166,GE CF-34-3B,4.6,799,0.06,558459,12,3780,7491,18150,490,2,1,1,1,0
152,crj700,Bombardier,CRJ 700,167,GE CF-34-8C1,8.82,793,0.11,1174846,68,2000,3121,52868,490,2,2,1,2,0
153,crj700er,Bombardier,CRJ 700ER,167,GE CF-34-8C1,8.82,793,0.11,1383766,68,2000,3676,62269,470,2,2,1,2,0
154,crj701,Bombardier,CRJ 701,168,GE CF34-8C1,9.36,878,0.11,1052956,70,2000,2655,47383,500,2,2,1,2,0
155,crj701er,Bombardier,CRJ 701ER,168,GE CF34-8C1,9.36,878,0.11,1271479,70,2000,3206,57217,490,2,2,1,2,0
156,crj701lr,Bombardier,CRJ 701LR,168,GE CF34-8C1,9.36,878,0.11,1470569,70,2000,3708,66176,500,2,2,1,2,0
157,crj702,Bombardier,CRJ 702,168,GE CF34-8C1,9.36,858,0.11,1347617,78,2000,3121,60643,450,2,2,1,2,0
158,crj705,Bombardier,CRJ 705,168,GE CF34-8C1,9.36,878,0.11,1352951,75,2000,3184,27059,510,2,2,1,2,0
159,crj705er,Bombardier,CRJ 705ER,168,GE CF34-8C1,9.36,878,0.11,1544590,75,2000,3635,30892,550,2,2,1,2,0
160,crj705lr,Bombardier,CRJ 705LR,168,GE CF34-8C1,9.36,878,0.11,1573060,75,2000,3702,31461,550,2,2,1,2,0
161,crj900,Bombardier,CRJ 900,169,GE CF34-8C5,8.19,836,0.11,1530636,86,2000,2956,61225,490,2,2,1,2,0
162,crj900er,Bombardier,CRJ 900ER,169,GE CF34-8C5,8.19,807,0.11,1823606,90,2000,3488,72944,460,2,3,1,2,0
163,crj900lr,Bombardier,CRJ 900LR,169,GE CF34-8C5,8.19,807,0.11,2092337,90,2000,4002,83693,500,2,3,1,2,0
164,crj900ng,Bombardier,CRJ 900NG,169,GE CF34-8C5,7.28,837,0.1,1498256,88,2000,2421,59930,470,2,2,1,2,0
165,crj700ng,Bombardier,CRJ 700NG,170,GE CF34-8C5B1,7.92,840,0.1,1335683,70,2000,2735,40070,460,2,2,1,2,0
166,crj1000100,Bombardier,CRJ 1000,171,GE CF34-8C5A1,8.32,876,0.1,1819929,100,5499,2760,54598,450,2,2,1,2,0
167,atr4230,Aerospatiale,ATR 42-300,173,PW 120,19.08,524,0.22,714000,42,6500,1945,8289,340,2,1,1,2,0
168,atr4232,Aerospatiale,ATR 42-320,174,PW 121,9.9,483,0.14,122121,46,6500,1945,10380,400,2,1,1,2,0
169,atr4240,Aerospatiale,ATR 42-400,173,PW 120,16.96,556,0.2,133060,48,6500,1945,7984,500,2,1,1,2,0
170,atr4260,Aerospatiale,ATR 42-600,176,PW 127F,16.05,621,0.19,208303,50,6500,2000,4166,550,2,1,1,1,0
171,atr7220,Aerospatiale,ATR 72-200,178,PW 124B,9.3,455,0.12,494675,64,6500,2665,34627,480,2,2,1,1,0
172,atr7221,Aerospatiale,ATR 72-210,179,PW 127,9.1,485,0.12,513873,62,6500,2800,37256,490,2,2,1,1,0
173,atr7260,Aerospatiale,ATR 72-600,176,PW 127F,8.56,612,0.1,928466,74,6500,2800,20890,550,2,2,1,1,0
,,,,,,,,,,,,,,,,,,,
,,,,,,,,,,,,,,,,,,,
,,,,,,,,,,,,,,,,,,,
177,cl44d,Bombardier,CL-44D,183,RR Tyne 515/50,13.13,710,0.16,3613052,160,8050,4855,523893,340,3,3,2,4,0
178,dhc7,Bombardier,DHC-7,184,PW PT6A-50,14.7,395,0.19,259197,54,2000,1400,26568,400,2,1,1,2,0
179,saab34,Saab,340,185,GE CT7-9B,13.65,424,0.19,109241,37,2000,1730,9832,380,2,1,1,2,0
180,saab90,Saab,90 Scandia,186, R-2180 Twin Wasp E,9.27,477,0.11,113217,32,2000,2510,21228,210,2,1,1,3,0
181,tu134a,Tupolev,Tu-134A,187,Soloviev D-30-II,11,799,0.14,686770,76,2000,2000,89280,380,2,2,1,4,0
182,tu341d,Tupolev,Tu-334-100D,188,D436-T2,9.72,828,0.11,2343641,102,2000,4100,117182,450,2,3,1,3,0
183,tu3412d,Tupolev,Tu-334-120D,189,BR715-56,7.28,733,0.1,2600869,102,2000,4100,130043,460,2,3,1,3,0
184,tu342,Tupolev,Tu-334-200,188,D436-T2,9.72,828,0.11,1553460,126,2000,2200,77673,500,2,3,2,3,0
185,tu3422,Tupolev,Tu-334-220,189,BR715-56,8.19,799,0.11,1610294,126,2000,2200,80515,480,2,3,2,3,0
186,tu341,Tupolev,Tu-334-100,190,D-436T-1,8.1,795,0.11,1800602,102,2000,3150,90030,450,2,3,1,3,0
187,tu154m,Tupolev,Tu-154M,47,Soloviev D-30KU-154,13.02,893,0.18,4514400,180,2000,4000,395010,320,2,4,2,5,0
,,,,,,,,,,,,,,,,,,,
189,tu214,Tupolev,Tu-214,191,PS-90Ð,10.78,729,0.14,6497956,210,2000,4341,406122,490,2,4,2,5,0
190,tu2412,Tupolev,Tu-204-120,192,RB.211-535E4,11.44,834,0.14,6137208,210,2000,4100,383576,480,2,4,2,4,0
191,tu2410,Tupolev,Tu-204-100,191,PS-90Ð,10.78,729,0.14,6436584,210,2000,4300,402287,470,2,4,2,4,0
192,dc1,McDonnell Douglas,DC-1,193,SGR-1820F,18,297,0.22,204000,12,2000,1500,2314,200,2,1,1,2,0
193,dc2,McDonnell Douglas,DC-2,194,GR-F53,15.64,273,0.21,238000,14,2000,1750,3113,290,3,1,1,2,0
194,dc3,McDonnell Douglas,DC-3,196,SGR1820,20.33,273,0.24,544000,32,2000,1650,5389,200,2,2,1,2,0
195,dc4,McDonnell Douglas,DC-4,197,PW R20002SDBG,13.5,332,0.19,464718,86,2000,4023,94105,200,3,2,1,2,0
196,dc5,McDonnell Douglas,DC-5,198,PW R-1820-44,18.54,357,0.22,374000,22,2000,2575,6133,230,3,2,1,2,0
197,dc6b,McDonnell Douglas,DC-6,199,PW R2800-CA15,14.72,490,0.2,707147,56,2000,7376,127286,280,4,2,1,2,0
198,dc6b,McDonnell Douglas,DC-6B,200,PW R2800-CB17,17.44,567,0.2,854413,102,2000,4835,153794,210,4,2,1,2,0
199,dc7,McDonnell Douglas,DC-7,201, R-3350-18EA1,17.12,575,0.2,1428866,99,2000,7410,235763,380,4,2,1,2,0
200,dc7b,McDonnell Douglas,DC-7B,202,R-3350-18EA1,17.28,609,0.2,1558217,100,2000,8000,257106,340,4,2,1,2,0
201,dc7c,McDonnell Douglas,DC-7C,201, R-3350-18EA1,17.12,560,0.2,1806145,105,2000,9070,298014,320,4,2,1,2,0
202,dc810,McDonnell Douglas,DC-8-10,204,PW JT3C-6,19.62,902,0.22,4812350,160,2000,7410,733883,380,3,3,2,3,0
203,dc820,McDonnell Douglas,DC-8-20,205,PW JT4A-9,18.18,876,0.22,5256539,170,2000,7410,801622,320,3,3,2,3,0
204,dc840,McDonnell Douglas,DC-8-40,206,PW JT4A-11,17.51,915,0.21,6669034,176,2000,8230,1017028,360,3,3,2,3,0
205,dc850,McDonnell Douglas,DC-8-50,208,PW JT3D-3,16.49,843,0.21,9354363,179,2000,11260,1426540,360,3,3,2,3,0
206,dc861,McDonnell Douglas,DC-8-61,209,PW JT3D-3B,18.43,852,0.24,5189932,210,2000,6035,687666,380,3,4,2,4,0
207,dc862,McDonnell Douglas,DC-8-62,209,PW JT3D-3B,18.43,855,0.24,8696462,220,2000,9620,1130540,400,3,4,2,4,0
208,dc863,McDonnell Douglas,DC-8-63,210,PW JT3D-7,17.86,883,0.24,24540066,259,2000,7600,3128858,350,3,4,2,4,0
209,dc871,McDonnell Douglas,DC-8-71,211,CFM56-2C5,17.67,807,0.24,5850306,210,2000,7035,541153,370,3,4,2,4,0
210,dc872,McDonnell Douglas,DC-8-72,211,CFM56-2C5,16.74,807,0.22,9830403,220,2000,10620,909312,400,3,4,2,4,0
211,dc873,McDonnell Douglas,DC-8-73,211,CFM56-2C5,16.74,807,0.22,28278818,259,2000,8650,2615791,370,3,4,2,4,0
212,dc910,McDonnell Douglas,DC-9-10,212,PW JT8D-7,13.44,893,0.18,659657,90,2000,2036,89054,340,2,2,1,2,0
213,dc921,McDonnell Douglas,DC-9-21,213,PW JT8D-9,15.12,913,0.18,957060,90,2000,2977,129203,360,2,2,1,2,0
214,dc930,McDonnell Douglas,DC-9-30,214,PW JT8D-15,13.44,871,0.18,865651,90,2000,2631,112535,380,2,2,1,2,0
215,dc940,McDonnell Douglas,DC-9-40,214,PW JT8D-15,13.44,871,0.18,892301,90,2000,2712,113768,370,2,2,1,2,0
216,dc950,McDonnell Douglas,DC-9-50,215,PW JT8D-17,13.16,889,0.18,847715,90,2000,2631,93249,380,2,2,1,2,0
,,,,,,,,,,,,,,,,,,,
218,an74v,Antonov,An-74VIP,217,Lotarev D-36-(3A)Â ,7.68,539,0.1,100722,12,6500,3300,9065,350,2,1,1,3,0
219,an742,Antonov,An-74-200,217,Lotarev D-36-(3A)Â ,10.56,539,0.14,134296,16,4650,3300,12087,320,2,1,1,3,0
220,an74t1,Antonov,An-74TK-100,217,Lotarev D-36-(3A)Â ,7.68,539,0.1,661308,52,5600,2750,67784,330,2,2,1,4,0
221,an74t3,Antonov,An-74TK-300,218,Lotarev D-36-(4A)Â ,5.7,582,0.08,1550016,60,7500,3600,69751,480,2,2,1,2,0
222,an140,Antonov,An-140,72,N/A,6.72,446,0.09,577938,52,5500,2420,36121,480,2,2,1,3,0
,,,,,,,,,,,,,,,,,,,
,,,,,,,,,,,,,,,,,,,
,,,,,,,,,,,,,,,,,,,
226,md11er,McDonnell Douglas,MD-11ER,222,PW 4460,25.92,954,0.3,60676778,410,2000,13408,3792299,450,3,13,4,5,0
227,md11c,McDonnell Douglas,MD-11C,222,PW 4460,25.92,954,0.3,56273548,410,2000,12435,4642568,350,3,13,4,5,0
228,md81,McDonnell Douglas,MD-81,224,PW JT8D-209,17.44,819,0.2,2296357,172,2000,2910,241117,340,2,3,2,3,0
229,md88,McDonnell Douglas,MD-88,225,PW JT8D-217A,17.44,908,0.2,2998679,172,2000,3800,314861,340,2,3,2,3,0
230,md83,McDonnell Douglas,MD-83,227,PW JT8D-219,14.88,746,0.2,3661545,172,2000,4640,384462,380,2,3,2,3,0
231,md87,McDonnell Douglas,MD-87,226,PW JT8D-217C,13.58,738,0.18,1995393,139,2000,4440,209516,400,2,3,2,3,0
232,md93,McDonnell Douglas,MD-90-30,229,IAE V2528-D5,17.44,909,0.2,3049783,172,2000,3860,198236,470,2,3,2,3,0
233,md93er,McDonnell Douglas,MD-90-30ER,229,IAE V2528-D5,17.44,909,0.2,3495399,172,2000,4424,227201,450,2,3,2,3,0
234,md95,McDonnell Douglas,MD-90-50,229,IAE V2528-D5,17.44,909,0.2,4076912,172,2000,5160,264999,450,2,3,2,3,0
,,,,,,,,,,,,,,,,,,,
,,,,,,,,,,,,,,,,,,,
,,,,,,,,,,,,,,,,,,,
,,,,,,,,,,,,,,,,,,,
,,,,,,,,,,,,,,,,,,,
,,,,,,,,,,,,,,,,,,,
241,b732c,Boeing,B737-200C,213,PW JT8D-9,15.12,795,0.18,1580983,110,7550,4622,201575,350,2,3,2,5,0
242,b732adv,Boeing,B737-200Adv,134,PW JT8D-15A,14.17,873,0.16,1893733,102,7550,5473,227248,390,2,3,1,5,0
243,b707,Boeing,B707,239,PW JT3D,18.36,1006,0.22,4169974,144,6450,9913,677621,360,2,4,2,6,0
244,b712,Boeing,B717-200,240,RR BR715-A1-30,8.64,761,0.11,2238611,134,6450,3815,117527,500,2,3,1,3,0
245,su80gp,Sukhoi,SU-80GP,185,GE CT7-9B,15.47,391,0.21,510000,30,2000,1300,4137,450,2,1,1,2,0
246,il14p,Ilyushin,Il-14P,242,Shvetsov Ash-82T,18.54,339,0.22,408000,24,2000,1750,7981,360,3,1,1,2,0
247,il14m,Ilyushin,Il-14M,242,Shvetsov Ash-82T,18.54,339,0.22,612000,36,2000,1750,11604,320,3,1,1,2,0
248,il18a,Ilyushin,Il-18A,243,Kuznetsov NK-4,8.28,564,0.11,771564,75,2000,2560,119592,360,5,2,1,3,0
249,il18b,Ilyushin,Il-18B,244,Ivchenko Al-20,9.6,576,0.12,756132,84,2000,2560,117200,320,5,2,1,3,0
250,il18v,Ilyushin,Il-18V,245,Ivchenko AI-20K,9.4,589,0.12,1024410,90,2000,3100,148539,320,5,2,1,3,0
251,il18d,Ilyushin,Il-18D,246,Ivchenko AI-20M,10.78,579,0.14,1439984,100,2000,6500,208798,380,5,2,1,3,0
252,il18i,Ilyushin,Il-18I,246,Ivchenko AI-20M,10.78,579,0.14,1266516,122,2000,3100,196310,350,5,3,2,3,0
253,il62,Ilyushin,Il-62,247,Kuznetsov NK84,18.02,892,0.21,6302498,186,2000,7550,819325,380,5,4,2,4,0
254,il62m,Ilyushin,Il-62M,248,Soloviev D30KU,16.32,932,0.2,7065274,168,2000,8850,847833,390,5,4,2,4,0
255,il62mk,Ilyushin,Il-62MK,248,Soloviev D30KU,18.36,943,0.22,8204625,195,2000,10000,840974,340,5,4,2,4,0
256,il963,Ilyushin,Il-96-300,249,Aviadvigatel PS-90A,23.52,833,0.3,31671000,300,2000,11500,2454503,370,3,10,2,5,0
257,il96m,Ilyushin,Il-96M,250,PW 2000,24.96,841,0.32,46495680,370,2000,12800,3022219,460,3,11,2,6,0
258,il964,Ilyushin,Il-96-400,251,Aviadvigatel PS-90A1,27.72,809,0.35,40441348,436,2000,10000,2224274,460,3,13,4,7,0
259,il114,Ilyushin,Il-114,252,Klimov TV-7-117S,13.95,490,0.19,255147,64,2000,1000,18498,470,2,2,1,2,0
260,il1143,Ilyushin,Il-114-300,253,Klimov TV-7-117SM,7.68,485,0.1,435344,52,2000,2100,31562,480,2,2,1,2,0
,,,,,,,,,,,,,,,,,,,
,,,,,,,,,,,,,,,,,,,
,,,,,,,,,,,,,,,,,,,
,,,,,,,,,,,,,,,,,,,
,,,,,,,,,,,,,,,,,,,
266,c208b,Cessna,Cessna 208B,260,PT6A-114,10.7,327,0.12,238000,14,2990,2000,3481,390,2,0,1,3,0
267,tu104,Tupolev,Tu-104,261,Mikulin AM-3,16.8,816,0.2,241193,50,2000,2750,38591,330,2,2,1,3,0
268,f271,Fokker,F27-100,262,RR Dart Mk 528,20.33,494,0.24,748000,44,2000,1315,13484,360,2,2,1,3,0
269,f272,Fokker,F27-200,264,RR Dart Mk 532,16,451,0.2,135138,40,2000,1926,20271,350,2,2,1,3,0
270,f274,Fokker,F27-400,265,RR Dart 7,17.1,412,0.24,680000,40,2000,1468,13123,360,2,2,1,3,0
271,f275,Fokker,F27-500,266,RR Dart Mk.532-7,18.53,574,0.21,336145,52,2000,1826,43699,380,2,2,1,3,0
272,f276,Fokker,F27-600,267,RR Dart 7 Mk.536-7R,14.72,391,0.2,127943,44,2000,1890,16633,350,2,2,1,3,0
273,f281,Fokker,F28-1000,268,"RR RB183-2 ""Spey"" Mk555-15",10.2,908,0.12,660013,65,2000,2000,82502,330,2,2,1,3,0
274,f282,Fokker,F28-2000,268,"RR RB183-2 ""Spey"" Mk555-15",10.2,908,0.12,1100175,79,2000,2743,132021,350,2,2,1,3,0
275,f283,Fokker,F28-3000,268,"RR RB183-2 ""Spey"" Mk555-15",9.18,902,0.11,711521,65,2000,1900,85383,390,2,2,1,3,0
276,f284,Fokker,F28-4000,269,"RR RB183-2 ""Spey"" Mk555-15P",10.4,944,0.12,814144,85,2000,1900,87520,350,2,2,1,3,0
277,f286,Fokker,F28-6000,270,"RR RB183-2 ""Spey"" Mk555-15H  ",9.1,767,0.12,707020,85,2000,1650,77772,400,2,2,1,3,0
,,,,,,,,,,,,,,,,,,,
,,,,,,,,,,,,,,,,,,,
,,,,,,,,,,,,,,,,,,,
281,tu104b,Tupolev,Tu-104B,274,Mikulin AM-3M-500 ,15.84,795,0.2,742545,100,2000,2650,111382,350,2,3,1,4,0
282,tu104d,Tupolev,Tu-104D,261,Mikulin AM-3,14.7,765,0.18,698913,85,2000,2750,108332,360,2,3,1,3,0
283,tu104a,Tupolev,Tu-104A,261,Mikulin AM-3,13.65,765,0.16,627900,70,2000,2750,97325,320,2,2,1,3,0
284,tu110,Tupolev,Tu-110,275,Lyulka AL-7,17.44,898,0.2,1049234,100,2000,3450,162631,360,3,3,1,4,0
285,tu124,Tupolev,Tu-124,276,Soloviev D-20P,11.44,972,0.14,562598,56,2000,2100,80170,380,2,2,1,2,0
,,,,,,,,,,,,,,,,,,,
287,car3,Sud Aviation,Caravelle III,278,RA-29 Mk.531,11.88,885,0.14,581947,80,7700,1700,87292,350,3,2,1,2,0
288,car4n,Sud Aviation,Caravelle IV-N,280,RA-29 Mk.531 RA-29 Mk. 531B,10.34,760,0.14,844429,80,7800,2350,124553,320,3,2,1,2,0
289,car4r,Sud Aviation,Caravelle IV-R,281,RA-29 Mk.533R,10.67,828,0.14,826463,80,7800,2300,119837,380,3,2,1,2,0
290,car10r,Sud Aviation,Caravelle 10R,282,P&W JT8D-7,10.4,896,0.12,1322298,80,7500,3455,178510,360,3,2,1,2,0
291,car11r,Sud Aviation,Caravelle 11R,282,P&W JT8D-7,10.4,896,0.12,1089317,99,7550,2300,141611,350,3,3,1,2,0
292,car10b,Sud Aviation,Caravelle 10B,282,P&W JT8D-7,11.44,924,0.14,1220219,105,7500,2650,167780,320,3,3,1,3,0
293,car12,Sud Aviation,Caravelle 12,283,P&W JT8D-9,13.65,924,0.16,1740539,140,7600,3465,208865,340,3,3,2,3,0
294,n262,Aerospatiale,N262,284,Turbomeca Bastan VI C Turboprop,16.49,345,0.21,493000,29,2000,1100,5483,370,2,1,1,3,0
295,sn601,Aerospatiale,SN-601 Corvette,285,P&W JT15D-4,7.6,684,0.1,149020,14,2000,2555,17510,360,2,1,1,2,0
,,,,,,,,,,,,,,,,,,,
,,,,,,,,,,,,,,,,,,,
298,tu243,Tupolev,Tu-204-300,249,Aviadvigatel PS-90A,12.74,833,0.16,5991344,164,2000,5800,359481,490,3,6,2,4,0
299,b73max9,Boeing,B737 MAX 9,286,CFM LEAP-1B,7.21,880,0.09,18849600,200,7550,7000,376992,500,2,4,2,2,0
300,a32neo,Airbus,A320-NEO,288,PW PW1100G,7.07,892,0.09,14770196,164,7000,7000,295404,540,2,4,2,2,0
,,,,,,,,,,,,,,,,,,,
302,cs100,Bombardier,C S100,290,PW1519G,13.2,904,0.15,2697150,110,4449,5463,53943,550,2,4,2,4,0
303,cs300,Bombardier,C S300,292,PW1524G,15.12,904,0.18,4984356,135,4800,5463,99687,500,2,6,2,4,0
304,b778x,Boeing,B777-8X,293,GE9X,19.6,950,0.25,77983382,350,9000,16100,1559668,500,2,15,6,16,0
305,b779x,Boeing,B777-9X,293,GE9X,21.56,931,0.28,91150989,406,9000,14500,1823020,540,2,15,6,16,0
306,a321neo,Airbus,A321-NEO,288,PW PW1100G,10.1,892,0.12,22760999,189,7250,7250,455220,550,2,4,2,2,0
307,a338,Airbus,A330-800neo,294,RR Trent 7000,12,800,0.15,85325684,406,9500,13900,1706514,510,2,10,2,3,0
308,a339,Airbus,A330-900neo,294,RR Trent 7000,13,800,0.16,109315468,440,9950,12130,2186309,510,2,10,2,3,0
309,e175e2,Embraer,E175-E2,295,PW1715G,11.33,965,0.14,3197562,80,4265,3820,63951,500,2,2,1,1,0
310,e190e2,Embraer,E190-E2,296,PW1919G,11.77,930,0.14,3387562,97,4314,3820,67751,510,2,2,1,1,0
311,e195e2,Embraer,E195-E2,296,PW1919G,13.91,930,0.16,4216798,120,4593,3820,84336,550,2,3,1,2,0
312,b73max8,Boeing,B737 MAX 8,286,CFM LEAP-1B,7.21,880,0.09,18011300,180,7500,6500,360226,520,2,3,2,2,0
313,b73max7,Boeing,B737 MAX 7,286,CFM LEAP-1B,7.21,880,0.09,17346513,160,7300,6850,346930,550,2,3,2,2,0
314,b73max10,Boeing,B737 MAX 10,286,CFM LEAP-1B,7.21,880,0.1,19649600,225,7600,7000,400000,450,2,5,2,2,0
315,a321xlr,Airbus,A321-XLR,288,PW PW1100G,14.14,919,0.16,29990999,220,7500,8900,510000,500,2,4,2,2,0
316,praetor5,Embraer,Praetor 500,162,HTF7500E,7.6,836,0.11,198115,7,2000,6186,17108,400,2,1,1,1,0
317,praetor6,Embraer,Praetor 600,33,RR AE3007,8,794,0.12,218115,8,2000,7441,17108,400,2,1,1,1,0
318,a400m,Airbus,A400M,2,GE CF6-80C2b5F,24.24,827,0.16,12823606,81600,3215,3298,1648320,400,4,0,1,6,1
,,,,,,,,,,,,,,,,,,,
320,b781,Boeing,B787-10,303,General Electric GEnx,18.62,859,0.21,72795638,440,8000,12000,3457793,400,3,11,3,10,0
321,a319neo,Airbus,A319NEO,305, PW PW1100G,11,949,0.08,6845472,160,6000,6950,325160,400,2,5,2,4,0
322,a221,Airbus,A220-100,306,PW1525G,10.6,966,0.09,3234528,135,4790,5750,153640,400,2,3,3,2,0
323,a223,Airbus,A220-300,306,PW1525G,12.72,966,0.1,5619831,160,4900,6110,266942,400,2,5,3,4,0
324,b350i,Beechcraft,King Air 350i,115,Pratt & Whitney Canada PT6A-66,16.16,626,0.15,187000,11,3300,3340,8883,400,2,1,1,1,0
325,c919,COMAC,C919,307,LEAP-1C,11.44,979,0.12,6517748,168,5200,5555,309593,400,2,3,1,4,0
326,mercure,Other,Dassault Mercure,308,PWJT9D-25W,25.22,832,0.25,8434010,150,2000,1700,20615,400,2,4,2,1,0
327,falcon2lx,Other,Falcon 2000,309,GE CFE738-1-1B,18.62,1039,0.2,1393600,19,5436,5790,2156196,400,2,2,1,1,0
328,falcon2,Other,Falcon 2000LX,310,PW308C,23.1,1092,0.22,1104727,19,5436,7400,2379975,400,2,2,1,1,0
329,m404,Other,4-0-4,311,PW R-2800-CB16,14.88,466,0.15,680000,40,1980,1800,32300,400,2,4,2,2,0
330,m202,Other,2-0-2,272,PW R-2800-CA18,19.57,510,0.16,680000,40,1565,2900,32300,400,2,4,2,1,0
331,sjm90,Other,Spacejet M90,295,PW1715G,12.36,1123,0.12,3387562,92,5710,3770,10374061,400,2,5,2,2,0
332,sjm100,Other,Spacejet M100,295,PW1715G,13.39,1123,0.14,5071399,88,5770,3540,8600891,400,2,5,2,2,0
333,mc212,Other,MC-21-200,312,PW1400G,14.42,1095,0.13,4522716,162,6400,5000,214829,400,2,7,3,3,0
334,mc213,Other,MC-21-300,312,PW1400G,17.51,1095,0.14,4552276,198,6600,5000,216233,400,2,8,3,3,0
335,b747sp,Boeing,747SP,3,RR RB211-524,21.78,990,0.26,40824000,350,7545,10800,1939140,400,3,11,2,6,0
336,b721,Boeing,B727-100,313, PW JT8D-9,13,1009,0.17,1364217,131,8300,3056,64800,400,2,6,2,4,0
337,f100,Fokker,F100,315,RR Tay Mk.650-15,20.68,694,0.16,861279,122,6000,4300,40911,400,2,5,2,6,0
338,bae1463,British Aerospace,BAe 146-300,21,Honeywell ALF 502R-5,17.67,702,0.24,527912,112,3921,2400,25076,400,2,4,2,3,0
339,cv880,Other,CV-880,317,GE-CJ-805-3B,22.66,1028,0.22,1096733,110,8050,4636,52095,400,2,4,2,3,0
340,cv99a,Other,CV-990A,318,GE CJ-805-23B,23.04,999,0.25,6211896,149,5350,5785,13120065,400,2,5,2,3,0
341,g7500,Bombardier,Global 7500,319,General Electric Passport,8.37,897,0.06,630386,19,5800,14260,29943,400,2,4,2,2,0
342,g8000,Bombardier,Global 8000,319,General Electric Passport,7.44,897,0.06,651042,17,5820,14631,30924,400,2,3,2,2,0
343,strato,Boeing,B377 Stratocruiser,320,PW R-4360,29,573,0.3,788066,117,8600,6760,37433,400,2,9,3,9,0
344,mc214,Other,MC-21-400,312,PW1400G,19.57,1095,0.16,5204503,230,6800,5500,247214,400,2,9,4,4,0
345,sj1060,Sukhoi,Superjet 100-60,44,SaM146,17.12,1016,0.11,1642969,68,4900,3204,30541,400,2,4,2,3,0
346,sj1075,Sukhoi,Superjet 100-75,44,SaM146,19.26,1016,0.13,1593374,78,4970,2900,28185,400,2,5,2,3,0
347,sj1095lr,Sukhoi,Superjet 100-95LR,44,SaM146,20.33,1016,0.15,4114953,98,6730,4578,52960,400,2,6,3,3,0
348,d3281,Other,328-100,234,PW119B,12.6,638,0.19,561000,33,4485,1310,26648,400,2,4,1,2,0
349,d3281j,Other,328-310JET,254,PW306B,12.74,710,0.22,561000,33,4485,1980,26648,400,2,4,1,2,0
350,d428j,Other,428JET,254,PW306B,14.56,710,0.24,748000,44,4530,1665,35530,400,2,5,2,2,0
351,l10115,Lockheed,L-1011-500,48,RR RB211-524B,19.2,876,0.25,33120715,315,9400,9900,1573234,400,2,9,4,4,0
352,viscount,Other,Viscount,321,RR Dart 510,25,490,0.22,927749,75,5280,3040,10818,400,2,6,2,2,0
353,a332f,Airbus,A330-200F,322, RR Trent 700,26.26,915,0.2,62565894,270000,9090,7400,5454000,400,2,1,1,1,1
,,,,,,,,,,,,,,,,,,,
355,an124,Antonov,An-124,323,Ivchenko Progress D-18T,52.43,884,0.2,196564896,330000,9500,5400,6666000,400,4,2,2,6,1
356,a336f,Airbus,A300-600F,324,GE CF5-50A,41.58,763,0.18,39465463,195000,7625,4850,3939000,400,3,1,2,11,1
357,a313f,Airbus,A310-300F,69,CF6-80C2A8,19.53,816,0.15,7936782,66000,6000,7330,1333200,400,2,1,2,2,1
358,a388f,Airbus,A380-800F,325,GP7277,30.72,945,0.2,298765348,330000,9680,10400,6666000,400,2,1,2,2,1
359,an225,Antonov,AN-225,327,ZMKB Progress D-18,69,824,0.29,659923421,550000,10500,4000,11110000,400,3,3,4,3,1
360,b722f,Boeing,B727-200F,282,P&W JT8D-7,35.36,896,0.21,6766000,39800,6450,4400,803960,400,3,2,2,2,1
361,b752f,Boeing,B757-200F,330, PW2037,33.92,927,0.22,22546869,127480,7800,5834,2575096,400,2,2,1,2,1
362,b763f,Boeing,B767-300F,331,PW4000-94,37.37,936,0.22,50654635,220000,7800,2410,4444000,400,2,2,1,1,1
363,b744f,Boeing,B747-400F,333,RB211-524,39.78,1009,0.2,126598733,300000,10250,8230,6060000,400,2,2,2,1,1
364,b777f,Boeing,B777 Freighter,334,GE90-110B1,35.64,932,0.19,105984326,285000,9000,9070,5757000,400,2,2,1,1,1
365,dc3f,McDonnell Douglas,DC3,336,PW S1C3G,30.45,259,0.2,850000,6900,4500,1650,139380,400,3,1,2,3,1
366,dc9f,McDonnell Douglas,DC9,337,PW JT8D-5,34.68,905,0.21,1105000,11950,6500,3030,241390,400,2,2,2,2,1
367,il76d,Ilyushin,Il-76D,338,Soloviev D-30 KP,34.04,846,0.21,14598539,90000,8500,3650,1818000,400,2,2,2,2,1
368,il96t,Ilyushin,Il-96T,339,PW2337,35.88,853,0.19,42065468,202643,8560,5000,4093389,400,2,2,2,2,1
369,b377sg,Boeing,B-377-SG,341,Allison 501-D22C,34.96,425,0.24,7103144,54500,10000,3219,1100900,400,2,2,2,2,1
370,b748f,Boeing,B747-8F,50,GEnx-2B67,26,1002,0.2,135498765,303700,10250,14815,6134740,400,2,1,1,1,1
