id,manu,name,shortname,type,cap,rwy,achk,rng,ceil,maint,price,pilot,crew,engineer,tech,thumb
1,Boeing,B747-400,b744,pax,416,10250,7140605,14500,40000,330,92136845,2,13,4,4,747-8.png
2,Airbus,A380-800,a388,pax,600,9680,6468885,14500,40000,450,215629503,2,18,6,16,a380.png
3,Boeing,B737-800,b738,pax,184,7550,231413,7000,40000,470,4407858,2,4,2,2,737.gif
4,Airbus,A319-200,a3192,pax,117,6850,292878,7000,40000,470,5093525,2,3,2,2,a319.png
5,Airbus,A320-200,a322,pax,164,7000,524690,5700,40000,360,6770196,2,4,2,2,a320.png
6,McDonnell Douglas,MD80,md80,pax,130,2000,210758,6000,40000,340,2161616,2,4,2,3,md80.png
7,Airbus,A330-300,a333,pax,335,9090,3033105,10000,40000,450,43330073,2,11,2,2,a330-300.png
8,Airbus,A340-300,a343,pax,335,10200,3605522,14000,40000,470,55469568,2,10,2,2,a340-300.png
9,Bombardier,CRJ 200,crj200,pax,50,2000,41959,3500,40000,450,621621,2,2,1,1,crj200.png
10,British Aerospace,BAe146,bae146,pax,85,6500,68621,2000,40000,330,762450,2,2,1,1,bae146.png
11,Bombardier,Challenger 300,challenger300,pax,16,3500,8397,3000,40000,480,223915,2,1,1,1,challenger300.png
12,Cessna,Cessna 172,c172,pax,3,2500,2341,1000,14000,400,51000,1,0,1,1,cessna172.png
13,Boeing,B757-200,b752,pax,200,7800,899442,7222,40000,370,9723701,2,5,2,3,b757.png
14,Aerospatiale,Concorde,concorde,pax,120,11800,43839360,7500,40000,330,407808000,4,15,2,25,concorde.png
15,Boeing,B777-200LR,b772lr,pax,300,11000,2142153,14500,40000,490,65912406,2,10,2,3,b777-200lr.png
16,Airbus,A321-200,a3212,pax,220,7250,509652,6000,40000,500,8154432,2,4,2,2,a321.png
17,Boeing,B787-8,b788,pax,250,9000,679417,14500,40000,450,19411920,2,8,2,2,787.png
18,Embraer,Legacy 600,legacy60,pax,13,2000,17108,6060,40000,490,360159,2,1,1,1,legacy600.png
19,Embraer,ERJ 190-100AR,erj191ar,pax,110,2000,86533,4448,40000,490,2472381,2,2,1,1,erj190-100.png
20,Airbus,A340-600,a346,pax,380,10200,3144930,14630,40000,460,69887329,2,11,2,2,a340-600.png
21,Boeing,B767-200ER,b762er,pax,224,7800,1305622,12200,40000,350,14114834,2,7,2,4,b767.png
22,Aerospatiale,ATR 72-500,atr7250,pax,64,6500,20125,1650,25000,480,365902,2,2,1,1,atr72.png
23,Aerospatiale,ATR 42-500,atr4250,pax,50,6500,10741,1611,25000,340,122750,2,2,1,1,atr42.png
24,McDonnell Douglas,MD-11,md11,pax,410,2000,4724704,12655,40000,370,57269139,3,13,4,5,md11.png
25,Bombardier,DHC-8-Q400,dhc8q4,pax,70,2000,38226,2522,25000,480,804752,2,2,1,2,q400.png
26,Sukhoi,Superjet 100-95,sj1095,pax,98,2000,32205,2950,35000,500,1610270,2,2,1,2,superjet100-95.png
27,Boeing,B727-200,b722,pax,189,6450,671428,4450,40000,340,4883110,3,8,2,5,b727.png
28,Airbus,A350-900,a359,pax,314,8760,1410061,14500,40000,550,70503048,2,10,2,3,a350-900.png
29,Tupolev,Tu-154,tu154,pax,180,2000,600157,5280,35000,390,5107721,3,8,2,4,tu154.png
30,Lockheed,L-1011-200,l10112,pax,263,2000,2663549,7420,35000,370,24777200,3,9,2,4,l1011-200.png
31,Boeing,B777-300ER,b773er,pax,350,11000,2900361,14685,40000,460,68243786,2,11,2,3,b777-300.png
32,Boeing,B757-300,b753,pax,243,7800,367639,6421,40000,470,7002640,2,9,2,5,b757.png
33,Airbus,A318-100,a3181,pax,117,6500,175217,6020,40000,450,4380431,2,3,2,3,a318.png
34,Boeing,B737-100,b731,pax,118,7550,193124,3440,40000,360,1514699,2,4,2,7,737.gif
35,Boeing,B747-8,b748,pax,467,10250,4238420,14815,40000,500,121097727,2,13,6,5,747-8.png
36,Boeing,B767-300ER,b763er,pax,269,7800,2674836,11065,40000,370,33435451,2,9,2,5,b767.png
37,Boeing,B767-400ER,b764er,pax,304,7800,2695537,10415,40000,360,33694208,2,10,2,5,b767.png
38,Airbus,A330-200,a332,pax,253,9090,2290673,12500,40000,460,43631874,2,8,2,4,a330-200.png
39,Airbus,A340-200,a342,pax,239,9810,1019732,14800,40000,500,15688189,2,8,2,5,a340-200.png
40,Airbus,A340-500,a345,pax,313,10200,2816142,14500,40000,480,66262163,2,10,2,4,a340-500.png
41,Boeing,B737-700,b737,pax,149,7550,214493,6230,40000,500,4085576,2,4,2,3,737.gif
42,Boeing,B737-700ER,b737er,pax,126,7550,169696,10200,40000,460,5656525,2,2,2,3,737.gif
43,Boeing,B737-700C,b737c,pax,120,7550,171506,5940,40000,480,3118288,2,2,2,3,737.gif
44,Boeing,B737-400,b734,pax,159,7550,270791,4010,40000,330,3282313,2,4,2,5,737.gif
45,Boeing,B737-500,b735,pax,123,7550,148508,4449,40000,370,1856353,2,5,2,6,737.gif
46,Boeing,B737-600,b736,pax,110,7550,129202,5648,40000,480,2460985,2,3,1,4,737.gif
47,Airbus,A300B2-200,a3b22,pax,269,7625,1305596,3430,40000,350,11605297,3,9,2,5,a300.png
48,Boeing,B737-900ER,b739er,pax,215,7550,507425,5925,40000,500,9225912,2,5,2,2,737.gif
49,Airbus,A300B4-200,a3b42,pax,269,7625,1971716,6300,40000,330,21315852,3,9,2,5,a300.png
50,Boeing,B737-900,b739,pax,177,7550,193732,3815,40000,470,5535200,2,4,2,2,737.gif
51,Airbus,A300-600,a306,pax,267,7625,2098066,6670,40000,330,24683135,2,9,2,5,a300.png
52,Airbus,A300-600R,a306r,pax,267,7625,2152419,7505,40000,370,27773153,2,9,2,6,a300.png
53,Airbus,A310-200,a312,pax,280,7000,2540657,6800,40000,340,27466560,2,10,2,5,a310.png
55,Airbus,A310-300,a313,pax,280,6000,3295987,9600,40000,340,38776320,2,9,2,5,a310.png
56,Ilyushin,Il-114-100,il1141,pax,64,2000,20093,2000,25000,470,382720,2,2,1,2,il-114.png
58,Airbus,A350-800,a358,pax,270,8760,1400406,14500,40000,530,62240270,2,9,2,3,a350-900.png
59,Airbus,A350-900R,a359r,pax,314,8760,1654472,14500,40000,520,82723576,2,10,2,3,a350-900.png
60,Airbus,A350-1000,a351,pax,350,8760,1550768,14800,40000,500,77538384,2,11,2,3,a350-1000.png
61,Boeing,B747-100,b741,pax,366,10250,5660203,9800,40000,370,44393752,3,11,2,8,747-100.png
62,Boeing,B747-200B,b742b,pax,366,10250,7047508,12700,40000,360,57530678,3,11,2,8,747-200b.png
63,Boeing,B747-300,b743,pax,412,10250,6165073,12400,40000,370,63231515,3,13,4,6,747-300.png
64,Boeing,B747-400ER,b744er,pax,416,10250,4146158,14500,40000,450,97556659,2,13,4,5,747-8.png
67,Boeing,B787-9,b789,pax,290,9000,2449925,14500,40000,500,69997851,2,10,2,2,787.png
68,Boeing,B747-400C,b744c,pax,410,10250,5454219,13360,40000,370,72722924,3,13,4,5,747-8.png
69,Boeing,B747-400D,b744d,pax,568,10250,5608760,2905,40000,500,80125136,3,14,6,5,747-8.png
71,Boeing,B767-200,b762,pax,224,7800,807978,7300,40000,320,7882711,2,7,2,4,b767.png
72,Boeing,B767-300,b763,pax,269,7800,2102058,7300,40000,390,23356202,2,9,2,5,b767.png
73,Boeing,B777-200,b772,pax,400,9000,3648219,9695,40000,470,60803647,2,11,3,3,b777-200lr.png
74,Boeing,B777-200ER,b772er,pax,400,11000,4629511,14260,40000,480,84172921,2,11,3,3,b777-200lr.png
75,Boeing,B777-300,b773,pax,451,9000,4949294,11135,40000,450,89987157,2,13,5,3,b777-300.png
76,Boeing,B777-300LR,b773lr,pax,451,11000,5273761,14500,40000,460,131844032,2,13,5,3,b777-300.png
85,Antonov,An-10,an10,pax,100,6500,165706,4075,25000,370,1104705,3,3,1,5,an-10.png
86,Antonov,An-10A,an10a,pax,110,6500,182276,4075,25000,350,1215176,3,3,1,5,an-10.png
87,Antonov,An-12,an12,pax,124,6500,178855,3600,35000,350,1192364,5,3,2,5,an-12.png
89,COMAC,ARJ21-700,arj217,pax,78,7500,20570,2200,35000,510,1028514,2,3,1,2,comac.png
90,COMAC,ARJ21-900,arj219,pax,98,7900,22614,2200,35000,510,1130706,2,2,1,3,comac.png
91,COMAC,ARJ21-700ER,arj217er,pax,78,7800,30271,3700,35000,510,1513551,2,2,1,3,comac.png
92,Beechcraft,Beechcraft 1900D,b1900d,pax,19,4500,7772,2776,30000,490,111024,2,1,1,1,beech1900.png
93,Beechcraft,Beechcraft 1900C,b1900c,pax,19,4500,7173,2500,30000,450,323000,2,1,1,1,beech1900.png
94,Beechcraft,Beechcraft 1900,b1900,pax,19,4500,10791,2907,30000,380,119896,2,1,1,1,beech1900.png
95,Cessna,Citation X,ccx,pax,12,4000,29370,6020,35000,360,378968,2,1,1,2,citationx.png
96,British Aerospace,Jetstream 31,jet31,pax,19,2000,6988,1260,20000,320,323000,2,1,1,2,jet31.png
97,British Aerospace,Jetstream 41,jet41,pax,30,2000,5790,1433,20000,470,510000,2,2,1,2,jet41.png
99,Lockheed,L-1329 JetStar,jetstar,pax,10,2000,20480,4585,35000,320,132130,2,1,1,3,jetstar.png
100,Lockheed,L-1049G Super Constellation,supercon,pax,95,2000,306400,8700,25000,390,1802354,4,2,1,4,supercons.png
101,Lockheed,L-188 Electra,electra,pax,127,2000,186363,3450,25000,390,1242421,3,3,2,5,elektra.png
102,Bombardier,Learjet 25B,learjet25b,pax,8,2000,16860,2684,35000,320,137633,2,1,1,2,l25b.png
103,Fokker,Fokker 70,f70,pax,70,2000,43507,2040,35000,490,725120,2,2,1,2,f70.png
104,Fokker,Fokker 70A,f70a,pax,80,2000,51794,2040,35000,490,828709,2,2,1,2,f70.png
105,Fokker,Fokker 50,f50,pax,58,2000,57477,2055,25000,380,718458,2,2,1,3,f50.png
106,Saab,2000,saab20,pax,58,2000,64606,2185,25000,460,1033701,2,2,1,2,saab.png
107,Boeing,B737-200,b732,pax,130,7550,299344,4170,40000,350,2217362,2,4,2,7,737.gif
108,Boeing,B737-300,b733,pax,128,7550,215635,4707,40000,360,2464401,2,4,2,6,737.gif
109,McDonnell Douglas,DC-10-10,dc1010,pax,250,2000,816769,6436,35000,360,6806411,3,8,2,5,dc10.png
110,McDonnell Douglas,DC-10-15,dc1015,pax,260,2000,2331349,7000,35000,320,24540516,2,9,2,4,dc10.png
111,McDonnell Douglas,DC-10-30,dc1030,pax,320,2000,4278102,9493,35000,400,36409376,3,10,2,5,dc10.png
112,McDonnell Douglas,DC-10-40,dc1040,pax,360,2000,5396548,9322,35000,330,46926501,3,11,2,5,dc10.png
113,Bombardier,DHC-8-100,dhc8q1,pax,37,2000,11175,1889,25000,380,127710,2,1,1,2,dhc8.png
114,Bombardier,DHC-8-Q200,dhc8q2,pax,37,2000,7463,1713,25000,480,124381,2,1,1,2,dhc8.png
115,Bombardier,DHC-8-Q300,dhc8q3,pax,50,2000,13528,1558,35000,370,180374,2,2,1,2,q300.png
116,Bombardier,CRJ 200LR,crj200lr,pax,50,2000,37918,3713,35000,470,659451,2,1,1,2,crj200lr.png
117,Bombardier,CRJ 100,crj100,pax,50,4500,28082,2417,35000,470,416025,2,1,1,2,crj100.png
118,Bombardier,CRJ 100ER,crj100er,pax,50,4500,35506,3056,35000,470,526012,2,1,1,2,crj100.png
119,Bombardier,CRJ 100LR,crj100lr,pax,50,2000,43104,3710,35000,490,638581,2,1,1,2,crj100.png
120,Embraer,EMB 120,emb120,pax,30,2000,11427,1481,35000,390,134440,2,1,1,2,emb120.png
124,Embraer,EMB 121 Xingu I,xingu,pax,5,2000,3294,2352,20000,350,85000,2,1,1,1,embx.png
126,Embraer,ERJ 135ER,erj135er,pax,37,2000,19392,2650,35000,460,352585,2,2,1,2,emb145.png
127,Embraer,ERJ 135LR,erj135lr,pax,37,2000,24007,3138,35000,450,417514,2,2,1,2,emb145.png
128,Embraer,ERJ 140LR,erj140lr,pax,44,2000,26272,3019,35000,450,477675,2,2,1,2,emb145.png
129,Embraer,ERJ 145ER,erj145er,pax,50,2000,24326,2445,35000,450,442288,2,2,1,2,emb145.png
130,Embraer,ERJ 145LR,erj145lr,pax,50,2000,29852,2870,35000,460,519169,2,2,1,2,emb145.png
131,Embraer,ERJ 145XR,erj145xr,pax,50,2000,62107,3705,35000,490,1129212,2,2,1,2,emb145.png
132,Embraer,ERJ 170-100,erj171,pax,80,2000,78181,3334,40000,460,1839550,2,2,1,2,emb175.png
133,Embraer,ERJ 170-100LR,erj171lr,pax,80,2000,80467,3889,40000,470,2145774,2,2,1,2,emb175.png
134,Embraer,ERJ 170-100AR,erj171ar,pax,78,2000,69094,3892,40000,500,2512492,2,2,1,1,emb175.png
135,Embraer,ERJ 170-200,erj172,pax,88,2000,69377,3334,40000,470,1734433,2,2,1,2,emb175.png
136,Embraer,ERJ 170-200LR,erj172lr,pax,88,2000,80926,3889,40000,470,2023158,2,2,1,2,emb175.png
137,Embraer,ERJ 170-200AR,erj172ar,pax,85,2000,81473,3706,40000,460,2172603,2,2,1,1,emb175.png
138,Embraer,ERJ 190-100,erj191,pax,110,2000,64861,3334,40000,470,1853174,2,2,1,2,erj190-100.png
139,Embraer,ERJ 190-100LR,erj191lr,pax,110,2000,76956,4260,40000,490,2367883,2,2,1,2,erj190-100.png
140,Embraer,ERJ 190-200,erj192,pax,122,2000,59945,2593,40000,500,1598528,2,2,2,2,erj190-100.png
141,Embraer,ERJ 190-200LR,erj192lr,pax,122,2000,61660,3334,40000,490,2055338,2,2,2,2,erj190-100.png
142,Embraer,ERJ 190-200AR,erj192ar,pax,120,2000,84760,4077,40000,500,2825347,2,2,2,1,erj190-100.png
143,Embraer,Lineage 1000,lineage1000,pax,19,2000,9646,8344,40000,470,385854,3,2,1,2,lineage.png
144,Embraer,Legacy 500,legacy50,pax,8,2000,2562,5186,40000,510,128115,2,1,1,1,legacy600.png
145,Embraer,Legacy 450,legacy45,pax,7,2000,2210,4260,40000,520,110501,2,1,1,1,legacy600.png
146,Embraer,Phenom 100,phenom1,pax,4,2000,950,2182,30000,490,68000,2,1,1,1,phenom100.png
147,Embraer,Phenom 300,phenom3,pax,6,2000,1829,3334,30000,460,102000,2,1,1,1,phenom100.png
148,Bombardier,Challenger 600,challenger600,pax,19,3500,42839,5925,35000,370,439374,2,1,1,2,challenger300.png
149,Bombardier,Challenger 601,challenger601,pax,19,3500,51126,6236,35000,350,552716,2,1,1,2,challenger300.png
150,Bombardier,Challenger 604,challenger604,pax,19,3780,65778,9680,35000,450,1143957,2,1,1,1,challenger300.png
151,Bombardier,Challenger 605,challenger605,pax,12,3780,18150,7491,35000,490,558459,2,1,1,1,challenger300.png
152,Bombardier,CRJ 700,crj700,pax,68,2000,52868,3121,35000,490,1174846,2,2,1,2,crj700.png
153,Bombardier,CRJ 700ER,crj700er,pax,68,2000,62269,3676,35000,470,1383766,2,2,1,2,crj700.png
154,Bombardier,CRJ 701,crj701,pax,70,2000,47383,2655,35000,500,1052956,2,2,1,2,crj700.png
155,Bombardier,CRJ 701ER,crj701er,pax,70,2000,57217,3206,35000,490,1271479,2,2,1,2,crj700.png
156,Bombardier,CRJ 701LR,crj701lr,pax,70,2000,66176,3708,35000,500,1470569,2,2,1,2,crj700.png
157,Bombardier,CRJ 702,crj702,pax,78,2000,60643,3121,35000,450,1347617,2,2,1,2,crj700.png
158,Bombardier,CRJ 705,crj705,pax,75,2000,27059,3184,35000,510,1352951,2,2,1,2,crj700.png
159,Bombardier,CRJ 705ER,crj705er,pax,75,2000,30892,3635,35000,550,1544590,2,2,1,2,crj700.png
160,Bombardier,CRJ 705LR,crj705lr,pax,75,2000,31461,3702,35000,550,1573060,2,2,1,2,crj700.png
161,Bombardier,CRJ 900,crj900,pax,86,2000,61225,2956,35000,490,1530636,2,2,1,2,crj700.png
162,Bombardier,CRJ 900ER,crj900er,pax,90,2000,72944,3488,35000,460,1823606,2,3,1,2,crj700.png
163,Bombardier,CRJ 900LR,crj900lr,pax,90,2000,83693,4002,35000,500,2092337,2,3,1,2,crj700.png
164,Bombardier,CRJ 900NG,crj900ng,pax,88,2000,59930,2421,35000,470,1498256,2,2,1,2,crj700.png
165,Bombardier,CRJ 700NG,crj700ng,pax,70,2000,40070,2735,35000,460,1335683,2,2,1,2,crj700.png
166,Bombardier,CRJ 1000,crj1000100,pax,100,5499,54598,2760,35000,450,1819929,2,2,1,2,crj100.png
167,Aerospatiale,ATR 42-300,atr4230,pax,42,6500,8289,1945,25000,340,714000,2,1,1,2,atr42.png
168,Aerospatiale,ATR 42-320,atr4232,pax,46,6500,10380,1945,25000,400,122121,2,1,1,2,atr42.png
169,Aerospatiale,ATR 42-400,atr4240,pax,48,6500,7984,1945,25000,500,133060,2,1,1,2,atr42.png
170,Aerospatiale,ATR 42-600,atr4260,pax,50,6500,4166,2000,25000,550,208303,2,1,1,1,atr42.png
171,Aerospatiale,ATR 72-200,atr7220,pax,64,6500,34627,2665,25000,480,494675,2,2,1,1,atr72.png
172,Aerospatiale,ATR 72-210,atr7221,pax,62,6500,37256,2800,25000,490,513873,2,2,1,1,atr72.png
173,Aerospatiale,ATR 72-600,atr7260,pax,74,6500,20890,2800,25000,550,928466,2,2,1,1,atr72.png
177,Bombardier,CL-44D,cl44d,pax,160,8050,523893,4855,22000,340,3613052,3,3,2,4,cl-44d.png
178,Bombardier,DHC-7,dhc7,pax,54,2000,26568,1400,22000,400,259197,2,1,1,2,dhc7.png
179,Saab,340,saab34,pax,37,2000,9832,1730,25000,380,109241,2,1,1,2,saab.png
180,Saab,90 Scandia,saab90,pax,32,2000,21228,2510,20000,210,113217,2,1,1,3,saab.png
181,Tupolev,Tu-134A,tu134a,pax,76,2000,89280,2000,35000,380,686770,2,2,1,4,tu134a.png
182,Tupolev,Tu-334-100D,tu341d,pax,102,2000,117182,4100,35000,450,2343641,2,3,1,3,tu334.png
183,Tupolev,Tu-334-120D,tu3412d,pax,102,2000,130043,4100,35000,460,2600869,2,3,1,3,tu334.png
184,Tupolev,Tu-334-200,tu342,pax,126,2000,77673,2200,35000,500,1553460,2,3,2,3,tu334.png
185,Tupolev,Tu-334-220,tu3422,pax,126,2000,80515,2200,35000,480,1610294,2,3,2,3,tu334.png
186,Tupolev,Tu-334-100,tu341,pax,102,2000,90030,3150,35000,450,1800602,2,3,1,3,tu334.png
187,Tupolev,Tu-154M,tu154m,pax,180,2000,395010,4000,35000,320,4514400,2,4,2,5,tu154.png
189,Tupolev,Tu-214,tu214,pax,210,2000,406122,4341,35000,490,6497956,2,4,2,5,tu204.png
190,Tupolev,Tu-204-120,tu2412,pax,210,2000,383576,4100,35000,480,6137208,2,4,2,4,tu204.png
191,Tupolev,Tu-204-100,tu2410,pax,210,2000,402287,4300,35000,470,6436584,2,4,2,4,tu204.png
192,McDonnell Douglas,DC-1,dc1,pax,12,2000,2314,1500,20000,200,204000,2,1,1,2,dc1_2.png
193,McDonnell Douglas,DC-2,dc2,pax,14,2000,3113,1750,20000,290,238000,3,1,1,2,dc1_2.png
194,McDonnell Douglas,DC-3,dc3,pax,32,2000,5389,1650,20000,200,544000,2,2,1,2,dc3.png
195,McDonnell Douglas,DC-4,dc4,pax,86,2000,94105,4023,20000,200,464718,3,2,1,2,dc1_2.png
196,McDonnell Douglas,DC-5,dc5,pax,22,2000,6133,2575,20000,230,374000,3,2,1,2,dc1_2.png
197,McDonnell Douglas,DC-6,dc6,pax,56,2000,127286,7376,20000,280,707147,4,2,1,2,dc6.png
198,McDonnell Douglas,DC-6B,dc6b,pax,102,2000,153794,4835,25000,210,854413,4,2,1,2,dc6.png
199,McDonnell Douglas,DC-7,dc7,pax,99,2000,235763,7410,25000,380,1428866,4,2,1,2,dc6.png
200,McDonnell Douglas,DC-7B,dc7b,pax,100,2000,257106,8000,25000,340,1558217,4,2,1,2,dc6.png
201,McDonnell Douglas,DC-7C,dc7c,pax,105,2000,298014,9070,25000,320,1806145,4,2,1,2,dc6.png
202,McDonnell Douglas,DC-8-10,dc810,pax,160,2000,733883,7410,35000,380,4812350,3,3,2,3,dc8.png
203,McDonnell Douglas,DC-8-20,dc820,pax,170,2000,801622,7410,35000,320,5256539,3,3,2,3,dc8.png
204,McDonnell Douglas,DC-8-40,dc840,pax,176,2000,1017028,8230,35000,360,6669034,3,3,2,3,dc8.png
205,McDonnell Douglas,DC-8-50,dc850,pax,179,2000,1426540,11260,35000,360,9354363,3,3,2,3,dc8.png
206,McDonnell Douglas,DC-8-61,dc861,pax,210,2000,687666,6035,35000,380,5189932,3,4,2,4,dc8.png
207,McDonnell Douglas,DC-8-62,dc862,pax,220,2000,1130540,9620,35000,400,8696462,3,4,2,4,dc8.png
208,McDonnell Douglas,DC-8-63,dc863,pax,259,2000,3128858,7600,35000,350,24540066,3,4,2,4,dc8.png
209,McDonnell Douglas,DC-8-71,dc871,pax,210,2000,541153,7035,35000,370,5850306,3,4,2,4,dc8.png
210,McDonnell Douglas,DC-8-72,dc872,pax,220,2000,909312,10620,35000,400,9830403,3,4,2,4,dc8.png
211,McDonnell Douglas,DC-8-73,dc873,pax,259,2000,2615791,8650,35000,370,28278818,3,4,2,4,dc8.png
212,McDonnell Douglas,DC-9-10,dc910,pax,90,2000,89054,2036,35000,340,659657,2,2,1,2,dc9.png
213,McDonnell Douglas,DC-9-21,dc921,pax,90,2000,129203,2977,35000,360,957060,2,2,1,2,dc9.png
214,McDonnell Douglas,DC-9-30,dc930,pax,90,2000,112535,2631,35000,380,865651,2,2,1,2,dc9.png
215,McDonnell Douglas,DC-9-40,dc940,pax,90,2000,113768,2712,35000,370,892301,2,2,1,2,dc9.png
216,McDonnell Douglas,DC-9-50,dc950,pax,90,2000,93249,2631,35000,380,847715,2,2,1,2,dc9.png
218,Antonov,An-74VIP,an74v,pax,12,6500,9065,3300,25000,350,100722,2,1,1,3,an74vip.png
219,Antonov,An-74-200,an742,pax,16,4650,12087,3300,25000,320,134296,2,1,1,3,an74-200.png
220,Antonov,An-74TK-100,an74t1,pax,52,5600,67784,2750,25000,330,661308,2,2,1,4,an74tk-100.png
221,Antonov,An-74TK-300,an74t3,pax,60,7500,69751,3600,25000,480,1550016,2,2,1,2,an74tk-300.png
222,Antonov,An-140,an140,pax,52,5500,36121,2420,25000,480,577938,2,2,1,3,an140.png
226,McDonnell Douglas,MD-11ER,md11er,pax,410,2000,3792299,13408,40000,450,60676778,3,13,4,5,md11.png
227,McDonnell Douglas,MD-11C,md11c,pax,410,2000,4642568,12435,40000,350,56273548,3,13,4,5,md11.png
228,McDonnell Douglas,MD-81,md81,pax,172,2000,241117,2910,40000,340,2296357,2,3,2,3,md80.png
229,McDonnell Douglas,MD-88,md88,pax,172,2000,314861,3800,40000,340,2998679,2,3,2,3,md80.png
230,McDonnell Douglas,MD-83,md83,pax,172,2000,384462,4640,40000,380,3661545,2,3,2,3,md80.png
231,McDonnell Douglas,MD-87,md87,pax,139,2000,209516,4440,40000,400,1995393,2,3,2,3,md80.png
232,McDonnell Douglas,MD-90-30,md93,pax,172,2000,198236,3860,40000,470,3049783,2,3,2,3,md90.png
233,McDonnell Douglas,MD-90-30ER,md93er,pax,172,2000,227201,4424,40000,450,3495399,2,3,2,3,md90.png
234,McDonnell Douglas,MD-90-50,md95,pax,172,2000,264999,5160,40000,450,4076912,2,3,2,3,md90.png
241,Boeing,B737-200C,b732c,pax,110,7550,201575,4622,40000,350,1580983,2,3,2,5,737.gif
242,Boeing,B737-200Adv,b732adv,pax,102,7550,227248,5473,40000,390,1893733,2,3,1,5,737.gif
243,Boeing,B707,b707,pax,144,6450,677621,9913,40000,360,4169974,2,4,2,6,b707.png
244,Boeing,B717-200,b712,pax,134,6450,117527,3815,40000,500,2238611,2,3,1,3,b717.png
245,Sukhoi,SU-80GP,su80gp,pax,30,2000,4137,1300,25000,450,510000,2,1,1,2,su80gp.png
246,Ilyushin,Il-14P,il14p,pax,24,2000,7981,1750,25000,360,408000,3,1,1,2,il14.png
247,Ilyushin,Il-14M,il14m,pax,36,2000,11604,1750,25000,320,612000,3,1,1,2,il14.png
248,Ilyushin,Il-18A,il18a,pax,75,2000,119592,2560,25000,360,771564,5,2,1,3,il18.png
249,Ilyushin,Il-18B,il18b,pax,84,2000,117200,2560,25000,320,756132,5,2,1,3,il18.png
250,Ilyushin,Il-18V,il18v,pax,90,2000,148539,3100,25000,320,1024410,5,2,1,3,il18.png
251,Ilyushin,Il-18D,il18d,pax,100,2000,208798,6500,25000,380,1439984,5,2,1,3,il18.png
252,Ilyushin,Il-18I,il18i,pax,122,2000,196310,3100,25000,350,1266516,5,3,2,3,il18.png
253,Ilyushin,Il-62,il62,pax,186,2000,819325,7550,35000,380,6302498,5,4,2,4,il62.png
254,Ilyushin,Il-62M,il62m,pax,168,2000,847833,8850,35000,390,7065274,5,4,2,4,il62.png
255,Ilyushin,Il-62MK,il62mk,pax,195,2000,840974,10000,35000,340,8204625,5,4,2,4,il62.png
256,Ilyushin,Il-96-300,il963,pax,300,2000,2454503,11500,35000,370,31671000,3,10,2,5,il96.png
257,Ilyushin,Il-96M,il96m,pax,370,2000,3022219,12800,35000,460,46495680,3,11,2,6,il96.png
258,Ilyushin,Il-96-400,il964,pax,436,2000,2224274,10000,35000,460,40441348,3,13,4,7,il96.png
259,Ilyushin,Il-114,il114,pax,64,2000,18498,1000,35000,470,255147,2,2,1,2,il-114.png
260,Ilyushin,Il-114-300,il1143,pax,52,2000,31562,2100,25000,480,435344,2,2,1,2,il-114.png
266,Cessna,Cessna 208B,c208b,pax,14,2990,3481,2000,16000,390,238000,2,0,1,3,cessna208b.png
267,Tupolev,Tu-104,tu104,pax,50,2000,38591,2750,35000,330,241193,2,2,1,3,tu104.png
268,Fokker,F27-100,f271,pax,44,2000,13484,1315,25000,360,748000,2,2,1,3,f27.png
269,Fokker,F27-200,f272,pax,40,2000,20271,1926,25000,350,135138,2,2,1,3,f27.png
270,Fokker,F27-400,f274,pax,40,2000,13123,1468,25000,360,680000,2,2,1,3,f27.png
271,Fokker,F27-500,f275,pax,52,2000,43699,1826,25000,380,336145,2,2,1,3,f27.png
272,Fokker,F27-600,f276,pax,44,2000,16633,1890,25000,350,127943,2,2,1,3,f27.png
273,Fokker,F28-1000,f281,pax,65,2000,82502,2000,25000,330,660013,2,2,1,3,f28.png
274,Fokker,F28-2000,f282,pax,79,2000,132021,2743,25000,350,1100175,2,2,1,3,f28.png
275,Fokker,F28-3000,f283,pax,65,2000,85383,1900,25000,390,711521,2,2,1,3,f28.png
276,Fokker,F28-4000,f284,pax,85,2000,87520,1900,25000,350,814144,2,2,1,3,f28.png
277,Fokker,F28-6000,f286,pax,85,2000,77772,1650,25000,400,707020,2,2,1,3,f28.png
281,Tupolev,Tu-104B,tu104b,pax,100,2000,111382,2650,35000,350,742545,2,3,1,4,tu104.png
282,Tupolev,Tu-104D,tu104d,pax,85,2000,108332,2750,35000,360,698913,2,3,1,3,tu104.png
283,Tupolev,Tu-104A,tu104a,pax,70,2000,97325,2750,35000,320,627900,2,2,1,3,tu104.png
284,Tupolev,Tu-110,tu110,pax,100,2000,162631,3450,35000,360,1049234,3,3,1,4,tu104.png
285,Tupolev,Tu-124,tu124,pax,56,2000,80170,2100,35000,380,562598,2,2,1,2,tu104.png
287,Sud Aviation,Caravelle III,car3,pax,80,7700,87292,1700,35000,350,581947,3,2,1,2,caravelle10b.png
288,Sud Aviation,Caravelle IV-N,car4n,pax,80,7800,124553,2350,35000,320,844429,3,2,1,2,caravelle10b.png
289,Sud Aviation,Caravelle IV-R,car4r,pax,80,7800,119837,2300,35000,380,826463,3,2,1,2,caravelle10b.png
290,Sud Aviation,Caravelle 10R,car10r,pax,80,7500,178510,3455,35000,360,1322298,3,2,1,2,caravelle10b.png
291,Sud Aviation,Caravelle 11R,car11r,pax,99,7550,141611,2300,35000,350,1089317,3,3,1,2,caravelle10b.png
292,Sud Aviation,Caravelle 10B,car10b,pax,105,7500,167780,2650,35000,320,1220219,3,3,1,3,caravelle10b.png
293,Sud Aviation,Caravelle 12,car12,pax,140,7600,208865,3465,35000,340,1740539,3,3,2,3,caravelle12.png
294,Aerospatiale,N262,n262,pax,29,2000,5483,1100,20000,370,493000,2,1,1,3,n262.png
295,Aerospatiale,SN-601 Corvette,sn601,pax,14,2000,17510,2555,29000,360,149020,2,1,1,2,sn601.png
298,Tupolev,Tu-204-300,tu243,pax,164,2000,359481,5800,35000,490,5991344,3,6,2,4,tu204.png
299,Boeing,B737 MAX 9,b73max9,pax,200,7550,376992,7000,40000,500,18849600,2,4,2,2,737max.png
300,Airbus,A320-NEO,a32neo,pax,164,7000,295404,7000,40000,540,14770196,2,4,2,2,a320.png
302,Bombardier,C S100,cs100,pax,110,4449,53943,5463,40000,550,2697150,2,4,2,4,bcs100.png
303,Bombardier,C S300,cs300,pax,135,4800,99687,5463,40000,500,4984356,2,6,2,4,bcs300.png
304,Boeing,B777-8X,b778x,pax,350,9000,1559668,16100,40000,500,77983382,2,15,6,16,b777-300.png
305,Boeing,B777-9X,b779x,pax,406,9000,1823020,14500,40000,540,91150989,2,15,6,16,b777-300.png
306,Airbus,A321-NEO,a321neo,pax,189,7250,455220,7250,40000,550,22760999,2,4,2,2,a320.png
307,Airbus,A330-800neo,a338,pax,406,9500,1706514,13900,40000,510,85325684,2,10,2,3,a330-neo.png
308,Airbus,A330-900neo,a339,pax,440,9950,2186309,12130,40000,510,109315468,2,10,2,3,a330-neo.png
309,Embraer,E175-E2,e175e2,pax,80,4265,63951,3820,35000,500,3197562,2,2,1,1,e175.png
310,Embraer,E190-E2,e190e2,pax,97,4314,67751,3820,35000,510,3387562,2,2,1,1,e190.png
311,Embraer,E195-E2,e195e2,pax,120,4593,84336,3820,35000,550,4216798,2,3,1,2,e195.png
312,Boeing,B737 MAX 8,b73max8,pax,180,7500,360226,6500,40000,520,18011300,2,3,2,2,737max.png
313,Boeing,B737 MAX 7,b73max7,pax,160,7300,346930,6850,40000,550,17346513,2,3,2,2,737max.png
314,Boeing,B737 MAX 10,b73max10,pax,225,7600,400000,7000,40000,450,19649600,2,5,2,2,737max10.png
315,Airbus,A321-XLR,a321xlr,pax,220,7500,510000,8900,42000,500,29990999,2,4,2,2,a321.png
316,Embraer,Praetor 500,praetor5,pax,7,2000,17108,6186,40000,400,198115,2,1,1,1,legacy600.png
317,Embraer,Praetor 600,praetor6,pax,8,2000,17108,7441,42000,400,218115,2,1,1,1,legacy600.png
318,Airbus,A400M,a400m,cargo,81600,3215,1648320,3298,42000,400,12823606,4,0,1,6,a400m.png
320,Boeing,B787-10,b781,pax,440,8000,3457793,12000,42000,400,72795638,3,11,3,10,787-10.png
321,Airbus,A319NEO,a319neo,pax,160,6000,325160,6950,39800,400,6845472,2,5,2,4,a319neo.png
322,Airbus,A220-100,a221,pax,135,4790,153640,5750,41000,400,3234528,2,3,3,2,a220.png
323,Airbus,A220-300,a223,pax,160,4900,266942,6110,41000,400,5619831,2,5,3,4,a220.png
324,Beechcraft,King Air 350i,b350i,pax,11,3300,8883,3340,35000,400,187000,2,1,1,1,kingair.png
325,COMAC,C919,c919,pax,168,5200,309593,5555,40000,400,6517748,2,3,1,4,c919.png
326,Dassault Aviation,Dassault Mercure,mercure,pax,150,2000,20615,1700,39000,400,8434010,2,4,2,1,dm.png
327,Dassault Aviation,Falcon 2000,falcon2lx,pax,19,5436,2156196,5790,47000,400,1393600,2,2,1,1,falcon2000.png
328,Dassault Aviation,Falcon 2000LX,falcon2,pax,19,5436,2379975,7400,47000,400,1104727,2,2,1,1,falcon2000lx.png
329,Martin,4-0-4,m404,pax,40,1980,32300,1800,2900,400,680000,2,4,2,2,martin404.png
330,Martin,2-0-2,m202,pax,40,1565,32300,2900,23000,400,680000,2,4,2,1,martin202.png
331,Mitsubishi,Spacejet M90,sjm90,pax,92,5710,10374061,3770,39000,400,3387562,2,5,2,2,spacejetm90.png
332,Mitsubishi,Spacejet M100,sjm100,pax,88,5770,8600891,3540,39000,400,5071399,2,5,2,2,spacejetm90.png
333,Irkut,MC-21-200,mc212,pax,162,6400,214829,5000,38000,400,4522716,2,7,3,3,mc21300.png
334,Irkut,MC-21-300,mc213,pax,198,6600,216233,5000,38000,400,4552276,2,8,3,3,mc21300.png
335,Boeing,747SP,b747sp,pax,350,7545,1939140,10800,45000,400,40824000,3,11,2,6,747sp.png
336,Boeing,B727-100,b721,pax,131,8300,64800,3056,37500,400,1364217,2,6,2,4,727-100.png
337,Fokker,F100,f100,pax,122,6000,40911,4300,39000,400,861279,2,5,2,6,f100.png
338,British Aerospace,BAe 146-300,bae1463,pax,112,3921,25076,2400,40000,400,527912,2,4,2,3,bae146.png
339,Convair,CV-880,cv880,pax,110,8050,52095,4636,41000,400,1096733,2,4,2,3,cv880.png
340,Convair,CV-990A,cv99a,pax,149,5350,13120065,5785,41000,400,6211896,2,5,2,3,cv880.png
341,Bombardier,Global 7500,g7500,pax,19,5800,29943,14260,51000,400,630386,2,4,2,2,global7500.png
342,Bombardier,Global 8000,g8000,pax,17,5820,30924,14631,51000,400,651042,2,3,2,2,global7500.png
343,Boeing,B377 Stratocruiser,strato,pax,117,8600,37433,6760,32000,400,788066,2,9,3,9,stratocruiser.png
344,Irkut,MC-21-400,mc214,pax,230,6800,247214,5500,38000,400,5204503,2,9,4,4,mc21300.png
345,Sukhoi,Superjet 100-60,sj1060,pax,68,4900,30541,3204,41000,400,1642969,2,4,2,3,superjet.png
346,Sukhoi,Superjet 100-75,sj1075,pax,78,4970,28185,2900,41000,400,1593374,2,5,2,3,superjet.png
347,Sukhoi,Superjet 100-95LR,sj1095lr,pax,98,6730,52960,4578,41000,400,4114953,2,6,3,3,superjet.png
348,Dornier,328-100,d3281,pax,33,4485,26648,1310,25000,400,561000,2,4,1,2,328-100.png
349,Dornier,328-310JET,d3281j,pax,33,4485,26648,1980,32500,400,561000,2,4,1,2,328jet.png
350,Dornier,428JET,d428j,pax,44,4530,35530,1665,32500,400,748000,2,5,2,2,328jet.png
351,Lockheed,L-1011-500,l10115,pax,315,9400,1573234,9900,44500,400,33120715,2,9,4,4,l1011.png
352,Vickers,Viscount,viscount,pax,75,5280,10818,3040,25000,400,927749,2,6,2,2,vickers.png
353,Airbus,A330-200F,a332f,cargo,270000,9090,5454000,7400,40000,400,62565894,2,1,1,1,a330-200f.png
355,Antonov,An-124,an124,cargo,330000,9500,6666000,5400,40000,400,196564896,4,2,2,6,an124.png
356,Airbus,A300-600F,a336f,cargo,195000,7625,3939000,4850,40000,400,39465463,3,1,2,11,a300.png
357,Airbus,A310-300F,a313f,cargo,66000,6000,1333200,7330,40000,400,7936782,2,1,2,2,a310.png
358,Airbus,A380-800F,a388f,cargo,330000,9680,6666000,10400,42000,400,298765348,2,1,2,2,a380.png
359,Antonov,AN-225,an225,cargo,550000,10500,11110000,4000,35000,400,659923421,3,3,4,3,an225.png
360,Boeing,B727-200F,b722f,cargo,39800,6450,803960,4400,35000,400,6766000,3,2,2,2,b727.png
361,Boeing,B757-200F,b752f,cargo,127480,7800,2575096,5834,35000,400,22546869,2,2,1,2,757-200f.png
362,Boeing,B767-300F,b763f,cargo,220000,7800,4444000,2410,38000,400,50654635,2,2,1,1,b767.png
363,Boeing,B747-400F,b744f,cargo,300000,10250,6060000,8230,42000,400,126598733,2,2,2,1,747f.png
364,Boeing,B777 Freighter,b777f,cargo,285000,9000,5757000,9070,40000,400,105984326,2,2,1,1,b777freighter.png
365,McDonnell Douglas,DC3,dc3f,cargo,6900,4500,139380,1650,16500,400,850000,3,1,2,3,dc3.png
366,McDonnell Douglas,DC9,dc9f,cargo,11950,6500,241390,3030,17500,400,1105000,2,2,2,2,dc9.png
367,Ilyushin,Il-76D,il76d,cargo,90000,8500,1818000,3650,38500,400,14598539,2,2,2,2,il76.png
368,Ilyushin,Il-96T,il96t,cargo,202643,8560,4093389,5000,39900,400,42065468,2,2,2,2,il96.png
369,Boeing,B-377-SG,b377sg,cargo,54500,10000,1100900,3219,22500,400,7103144,2,2,2,2,b-377-sg.png
370,Boeing,B747-8F,b748f,cargo,303700,10250,6134740,14815,45000,400,135498765,2,1,1,1,747-8.png
371,Airbus,A320-VIP,a320vip,vip,160,6500,295404,10000,44500,3500,22760999,2,5,2,2,a320-vip.png
372,Airbus,A300-600ST,a306st,cargo,103617,10000,3121000,4632,35000,400,21999869,2,2,2,1,beluga.png
373,Airbus,A350-900ULR,a359ulr,pax,300,8760,3908642,18000,40000,350,91723576,2,10,3,4,a350-900.png
